----part 1 start----
[ 1970-02-22T16:32:37.988        0:  1087:  1087 F/libc            ] Fatal signal 6 (SIGABRT), code -1 (SI_QUEUE) in tid 1087 (init), pid 1087 (init)
[ 1970-02-22T16:32:38.010        0:  1087:  1087 F/libc            ] Crash due to signal: crash_dump helper failed to exec, or was killed
[ 1970-02-22T16:32:39.779        0:  1595:  1595 I/KernelSU        ] ksud::cli: command: PostFsData
[ 1970-02-22T16:32:39.784        0:  1595:  1595 I/KernelSU        ] ksud::utils: safemode: false
[ 1970-02-22T16:32:39.784        0:  1595:  1595 I/KernelSU        ] ksud::utils: kernel_safemode: false
[ 1970-02-22T16:32:39.784        0:  1595:  1595 I/KernelSU        ] ksud::module: /data/adb/post-fs-data.d not exists, skip
[ 1970-02-22T16:32:39.827        0:  1595:  1595 I/KernelSU        ] ksud::module: load policy: /data/adb/modules/hybrid_mount/sepolicy.rule
[ 1970-02-22T16:32:39.849        0:  1595:  1595 I/KernelSU        ] ksud::module: load policy: /data/adb/modules/zygisksu/sepolicy.rule
[ 1970-02-22T16:32:39.871        0:  1595:  1595 W/KernelSU        ] ksud::sepolicy: apply sepolicy batch partially succeeded: 19/21
[ 1970-02-22T16:32:39.871        0:  1595:  1595 I/KernelSU        ] ksud::module: load policy: /data/adb/modules/tricky_store/sepolicy.rule
[ 1970-02-22T16:32:39.892        0:  1595:  1595 I/KernelSU        ] ksud::module: load policy: /data/adb/modules/zygisk_lsposed/sepolicy.rule
[ 1970-02-22T16:32:39.914        0:  1595:  1595 I/KernelSU        ] ksud::module: /data/adb/modules/AudioLatencyOptN is disabled, skip
[ 1970-02-22T16:32:39.914        0:  1595:  1595 I/KernelSU        ] ksud::profile: profile sepolicy dir not exists.
[ 1970-02-22T16:32:39.914        0:  1595:  1595 I/KernelSU        ] ksud::utils: safemode: false
[ 1970-02-22T16:32:39.914        0:  1595:  1595 I/KernelSU        ] ksud::utils: kernel_safemode: false
[ 1970-02-22T16:32:39.914        0:  1595:  1595 I/KernelSU        ] ksud::feature: Initializing features from config...
[ 1970-02-22T16:32:39.914        0:  1595:  1595 I/KernelSU        ] ksud::feature: Loaded 5 features from config
[ 1970-02-22T16:32:39.914        0:  1595:  1595 I/KernelSU        ] ksud::module: /data/adb/modules/AudioLatencyOptN is disabled, skip
[ 1970-02-22T16:32:39.914        0:  1595:  1595 I/KernelSU        ] ksud::feature: Applying feature configuration to kernel...
[ 1970-02-22T16:32:39.914        0:  1595:  1595 I/KernelSU        ] ksud::feature: Set feature selinux_hide to 0
[ 1970-02-22T16:32:39.914        0:  1595:  1595 I/KernelSU        ] ksud::feature: Set feature kernel_umount to 1
[ 1970-02-22T16:32:39.914        0:  1595:  1595 I/KernelSU        ] ksud::feature: Set feature adb_root to 0
[ 1970-02-22T16:32:39.914        0:  1595:  1595 I/KernelSU        ] ksud::feature: Set feature sulog to 0
[ 1970-02-22T16:32:39.914        0:  1595:  1595 I/KernelSU        ] ksud::feature: Set feature su_compat to 1
[ 1970-02-22T16:32:39.914        0:  1595:  1595 I/KernelSU        ] ksud::feature: Applied 5 features successfully
[ 1970-02-22T16:32:39.914        0:  1595:  1595 I/KernelSU        ] ksud::feature: Saved 5 features to config
[ 1970-02-22T16:32:39.914        0:  1595:  1595 I/KernelSU        ] ksud::feature: Saved feature configuration to file
[ 1970-02-22T16:32:39.914        0:  1595:  1595 W/KernelSU        ] ksud::init_event: KPM: Failed to start KPM watcher: Inappropriate ioctl for device (os error 25)
[ 1970-02-22T16:32:39.915        0:  1595:  1595 I/KernelSU        ] ksud::metamodule: Found metamodule in modules directory: /data/adb/modules/hybrid_mount
[ 1970-02-22T16:32:39.916        0:  1595:  1595 I/KernelSU        ] ksud::metamodule: Found metamodule in modules directory: /data/adb/modules/hybrid_mount
[ 1970-02-22T16:32:39.917        0:  1595:  1595 I/KernelSU        ] ksud::module: exec /data/adb/modules/zygisksu/post-fs-data.sh
[ 1970-02-22T16:32:39.925        0:  1607:  1607 I/zn-daemon64     ] Zygisk Next Daemon 1.4.3-817-e815170-release
[ 1970-02-22T16:32:39.925        0:  1607:  1607 I/zn-daemon64     ] Kernel: 6.6.77-android15-8-gf9a1d4bd8353-abogki440974771-4k aarch64
[ 1970-02-22T16:32:39.938        0:  1607:  1607 I/zn-daemon64     ] ** write prop
[ 1970-02-22T16:32:39.958        0:  1607:  1607 I/zn-daemon64     ] ** preparing payload ...
[ 1970-02-22T16:32:39.958        0:  1607:  1607 I/zn-daemon64     ] ** payload prepared
[ 1970-02-22T16:32:39.958        0:  1607:  1607 I/zn-daemon64     ] ** attaching init ...
[ 1970-02-22T16:32:39.958        0:  1607:  1607 I/zn-daemon64     ] ** init attached
[ 1970-02-22T16:32:39.958        0:  1607:  1607 I/zn-daemon64     ] ** loading payload ...
[ 1970-02-22T16:32:39.959        0:  1607:  1607 I/zn-daemon64     ] libpayload base: 7fa67f4000
[ 1970-02-22T16:32:39.959        0:  1607:  1607 I/zn-daemon64     ] ** payload loaded
[ 1970-02-22T16:32:39.959        0:  1607:  1607 I/zn-daemon64     ] ** setting up payload ...
[ 1970-02-22T16:32:39.959        0:  1607:  1607 I/zn-daemon64     ] ** payload has been setup
[ 1970-02-22T16:32:39.959        0:  1607:  1607 I/zn-daemon64     ] ** inline hook prepare ...
[ 1970-02-22T16:32:39.960        0:  1607:  1607 I/zn-daemon64     ] ** hooking execve
[ 1970-02-22T16:32:39.960        0:  1607:  1607 I/zn-daemon64     ] *** prepare trampoline
[ 1970-02-22T16:32:39.961        0:  1607:  1607 I/zn-daemon64     ] ** inline hook commit
[ 1970-02-22T16:32:39.962        0:  1607:  1607 I/zn-daemon64     ] execve hook installed
[ 1970-02-22T16:32:39.962        0:  1607:  1607 I/zn-daemon64     ] ** hooking wait4
[ 1970-02-22T16:32:39.962        0:  1607:  1607 I/zn-daemon64     ] *** prepare trampoline
[ 1970-02-22T16:32:39.963        0:  1607:  1607 I/zn-daemon64     ] ** inline hook commit
[ 1970-02-22T16:32:39.963        0:  1607:  1607 I/zn-daemon64     ] wait4 hook installed
[ 1970-02-22T16:32:39.963        0:  1607:  1607 I/zn-daemon64     ] inject success!
[ 1970-02-22T16:32:39.963        0:  1607:  1607 I/zn-daemon64     ] ** do cleanup
[ 1970-02-22T16:32:39.963        0:  1607:  1607 I/zn-daemon64     ] ** do restore
[ 1970-02-22T16:32:39.963        0:  1607:  1607 I/zn-daemon64     ] loading 64bit zygisk modules
[ 1970-02-22T16:32:39.963        0:  1607:  1607 I/zn-daemon64     ] loaded 64bit zygisk module zygisk_lsposed
[ 1970-02-22T16:32:39.963        0:  1607:  1607 I/zn-daemon64     ] loaded 1 64bit zygisk module(s)
[ 1970-02-22T16:32:39.963        0:  1607:  1607 I/zn-daemon64     ] loading 32bit zygisk modules
[ 1970-02-22T16:32:39.963        0:  1607:  1607 I/zn-daemon64     ] loaded 32bit zygisk module zygisk_lsposed
[ 1970-02-22T16:32:39.964        0:  1607:  1607 I/zn-daemon64     ] loaded 1 32bit zygisk module(s)
[ 1970-02-22T16:32:39.964        0:  1607:  1607 I/zn-daemon64     ] loading zn modules
[ 1970-02-22T16:32:39.964        0:  1607:  1607 I/zn-daemon64     ] loaded 0 zn modules
[ 1970-02-22T16:32:39.964        0:  1612:  1612 I/zn-daemon64     ] ** daemon launched
[ 1970-02-22T16:32:39.964        0:  1612:  1612 I/zn-daemon64     ] ** stop klog
[ 1970-02-22T16:32:39.964        0:  1612:  1612 I/zn-daemon64     ] ** denylist policy: 0
[ 1970-02-22T16:32:39.964        0:  1612:  1612 I/zn-daemon64     ] ** denylist enforce mode: 2
[ 1970-02-22T16:32:39.964        0:  1612:  1612 I/zn-daemon64     ] ** memory type: 1
[ 1970-02-22T16:32:39.964        0:  1612:  1612 I/zn-daemon64     ] ** linker mode: 1
[ 1970-02-22T16:32:39.964        0:  1612:  1612 I/zn-daemon64     ] ** write prop
[ 1970-02-22T16:32:39.965        0:  1595:  1595 I/KernelSU        ] ksud::module: exec /data/adb/modules/netproxy/post-fs-data.sh
[ 1970-02-22T16:32:40.066        0:  1595:  1595 I/KernelSU        ] ksud::module: exec /data/adb/modules/TA_enhanced/post-fs-data.sh
[ 1970-02-22T16:32:40.073        0:  1595:  1595 I/KernelSU        ] ksud::module: exec /data/adb/modules/Hyper_MagicWindow/post-fs-data.sh
[ 1970-02-22T16:32:40.126        0:  1595:  1595 I/KernelSU        ] ksud::module: /data/adb/modules/AudioLatencyOptN is disabled, skip
[ 1970-02-22T16:32:40.126        0:  1595:  1595 I/KernelSU        ] ksud::module: exec /data/adb/modules/pifs_cleverestech/post-fs-data.sh
[ 1970-02-22T16:32:40.260        0:  1595:  1595 I/KernelSU        ] ksud::module: load /data/adb/modules/Hyper_MagicWindow system.prop
[ 1970-02-22T16:32:40.261        0:  1595:  1595 I/KernelSU        ] ksud::resetprop: Loaded system.prop from /data/adb/modules/Hyper_MagicWindow/system.prop
[ 1970-02-22T16:32:40.261        0:  1595:  1595 I/KernelSU        ] ksud::module: /data/adb/modules/AudioLatencyOptN is disabled, skip
[ 1970-02-22T16:32:40.261        0:  1595:  1595 I/KernelSU        ] ksud::metamodule: Found metamodule in modules directory: /data/adb/modules/hybrid_mount
[ 1970-02-22T16:32:40.262        0:  1595:  1595 I/KernelSU        ] ksud::metamodule: Executing mount script for metamodule
[ 1970-02-22T16:32:40.262        0:  1595:  1595 I/KernelSU        ] ksud::metamodule: Found metamodule in modules directory: /data/adb/modules/hybrid_mount
[ 1970-02-22T16:32:40.652        0:  1797:  1797 I/KernelSU        ] ksud::cli: command: Module { command: Config { internal: None, command: Set { key: "override.description", value: Some("😋 运行中喵～ (Ext4) 💿  Kasumi:0  Overlay:0  Magic:0"), stdin: false, temp: true } } }
[ 1970-02-22T16:32:40.659        0:  1798:  1798 I/KernelSU        ] ksud::cli: command: Kernel { command: NotifyModuleMounted }
[ 1970-02-22T16:32:40.660        0:  1595:  1595 I/KernelSU        ] ksud::metamodule: Metamodule mount script executed successfully
[ 1970-02-22T16:32:40.660        0:  1595:  1595 I/KernelSU        ] ksud::umount: Umount config file does not exist, skipping
[ 1970-02-22T16:32:40.660        0:  1595:  1595 I/KernelSU        ] ksud::utils: safemode: false
[ 1970-02-22T16:32:40.660        0:  1595:  1595 I/KernelSU        ] ksud::utils: kernel_safemode: false
[ 1970-02-22T16:32:40.660        0:  1595:  1595 I/KernelSU        ] ksud::module: /data/adb/post-mount.d not exists, skip
[ 1970-02-22T16:32:40.660        0:  1595:  1595 I/KernelSU        ] ksud::metamodule: Found metamodule in modules directory: /data/adb/modules/hybrid_mount
[ 1970-02-22T16:32:40.661        0:  1595:  1595 I/KernelSU        ] ksud::metamodule: Found metamodule in modules directory: /data/adb/modules/hybrid_mount
[ 1970-02-22T16:32:40.662        0:  1595:  1595 I/KernelSU        ] ksud::module: /data/adb/modules/AudioLatencyOptN is disabled, skip
[ 2026-07-25T23:50:42.295        0:  1612:  1799 I/zn-daemon64     ] ** new zygote process: 1874 /system/bin/app_process64 name=zygote
[ 2026-07-25T23:50:42.296        0:  1875:  1875 I/zn-daemon64     ] ** run zygote-injector for 1874: 1875 ./bin/zygiskd64
[ 2026-07-25T23:50:42.299        0:  1875:  1875 I/zn-injector64   ] injecting zygote 1874 (injector 1875)
[ 2026-07-25T23:50:42.600        0:  1612:  1613 I/zn-daemon64     ] [zn-zygisk-loader64,0,1874,1874]Zygisk library injected, version 1.4.3-817-e815170-release,exp_hook
[ 2026-07-25T23:50:42.600        0:  1612:  1613 I/zn-daemon64     ] [zn-zygisk-loader64,0,1874,1874]Start hooking
[ 2026-07-25T23:50:42.771        0:  1612:  1889 I/zn-daemon64     ] zygote 1874 hook status: 1
[ 2026-07-25T23:50:42.771        0:  1875:  1875 I/zn-injector64   ] inject zygote 1874 succeed
[ 2026-07-25T23:50:42.773        0:  1612:  1799 I/zn-daemon64     ] ** inject success for 1874
[ 2026-07-25T23:50:42.773        0:  1612:  1799 I/zn-daemon64     ] ** write prop
[ 2026-07-25T23:50:43.596        0:  2720:  2720 I/KernelSU        ] ksud::cli: command: Services
[ 2026-07-25T23:50:43.596        0:  2720:  2720 I/KernelSU        ] ksud::init_event: on_services triggered!
[ 2026-07-25T23:50:43.596        0:  2720:  2720 I/KernelSU        ] ksud::utils: safemode: false
[ 2026-07-25T23:50:43.596        0:  2720:  2720 I/KernelSU        ] ksud::utils: kernel_safemode: false
[ 2026-07-25T23:50:43.619        0:  2720:  2720 I/KernelSU        ] ksud::module: exec /data/adb/service.d/.zn_cleanup.sh
[ 2026-07-25T23:50:43.627        0:  2720:  2720 I/KernelSU        ] ksud::module: exec /data/adb/service.d/.encore_cleanup.sh
[ 2026-07-25T23:50:43.631        0:  2720:  2720 I/KernelSU        ] ksud::metamodule: Found metamodule in modules directory: /data/adb/modules/hybrid_mount
[ 2026-07-25T23:50:43.631        0:  2720:  2720 I/KernelSU        ] ksud::metamodule: Executing metamodule service.sh
[ 2026-07-25T23:50:43.631        0:  2720:  2720 I/KernelSU        ] ksud::module: exec /data/adb/modules/hybrid_mount/service.sh
[ 2026-07-25T23:50:43.633        0:  2720:  2720 I/KernelSU        ] ksud::metamodule: Metamodule service.sh executed successfully
[ 2026-07-25T23:50:43.634        0:  2720:  2720 I/KernelSU        ] ksud::metamodule: Found metamodule in modules directory: /data/adb/modules/hybrid_mount
[ 2026-07-25T23:50:43.635        0:  2720:  2720 I/KernelSU        ] ksud::module: exec /data/adb/modules/zygisksu/service.sh
[ 2026-07-25T23:50:43.636        0:  2720:  2720 I/KernelSU        ] ksud::module: exec /data/adb/modules/netproxy/service.sh
[ 2026-07-25T23:50:43.637        0:  2720:  2720 I/KernelSU        ] ksud::module: exec /data/adb/modules/tricky_store/service.sh
[ 2026-07-25T23:50:43.638        0:  2720:  2720 I/KernelSU        ] ksud::module: exec /data/adb/modules/encore/service.sh
[ 2026-07-25T23:50:43.639        0:  2720:  2720 I/KernelSU        ] ksud::module: exec /data/adb/modules/zygisk_lsposed/service.sh
[ 2026-07-25T23:50:43.643        0:  2720:  2720 I/KernelSU        ] ksud::module: exec /data/adb/modules/TA_enhanced/service.sh
[ 2026-07-25T23:50:43.645        0:  2720:  2720 I/KernelSU        ] ksud::module: exec /data/adb/modules/Hyper_MagicWindow/service.sh
[ 2026-07-25T23:50:43.648        0:  2720:  2720 I/KernelSU        ] ksud::module: /data/adb/modules/AudioLatencyOptN is disabled, skip
[ 2026-07-25T23:50:43.648        0:  2720:  2720 I/KernelSU        ] ksud::module: exec /data/adb/modules/pifs_cleverestech/service.sh
[ 2026-07-25T23:50:43.690        0:  2836:  2836 I/LSPosed         ] starting lspd 
[ 2026-07-25T23:50:43.711        0:  2890:  2890 I/LSPosed         ] started lspd 2888
[ 2026-07-25T23:50:43.821        0:  2888:  2888 D/AndroidRuntime  ] >>>>>> START com.android.internal.os.RuntimeInit uid 0 <<<<<<
[ 2026-07-25T23:50:43.839        0:  2888:  2888 I/AndroidRuntime  ] Using default boot image
[ 2026-07-25T23:50:43.839        0:  2888:  2888 I/AndroidRuntime  ] Leaving lock profiling enabled
[ 2026-07-25T23:50:43.843        0:  2888:  2888 I/lspd            ] Using CollectorTypeCC GC.
[ 2026-07-25T23:50:43.898        0:  2888:  2888 D/nativeloader    ] InitDefaultPublicLibraries for_preload=1: libandroid.so:libaaudio.so:libamidi.so:libbinder_ndk.so:libc.so:libcamera2ndk.so:libdl.so:libEGL.so:libGLESv1_CM.so:libGLESv2.so:libGLESv3.so:libicu.so:libicui18n.so:libicuuc.so:libjnigraphics.so:liblog.so:libmediandk.so:libm.so:libnativehelper.so:libnativewindow.so:libOpenMAXAL.so:libOpenSLES.so:libRS.so:libstdc++.so:libsync.so:libvulkan.so:libwebviewchromium_plat_support.so:libz.so
[ 2026-07-25T23:50:43.904        0:  2888:  2888 D/nativeloader    ] Load libicu_jni.so using APEX ns com_android_art for caller /apex/com.android.art/javalib/core-oj.jar: ok
[ 2026-07-25T23:50:43.904        0:  2888:  2888 D/lspd            ] u_setTimeZoneFilesDirectory("/apex/com.android.tzdata/etc/tz/versioned/9/icu") succeeded. 
[ 2026-07-25T23:50:43.904        0:  2888:  2888 D/lspd            ] I18n APEX ICU file found: /apex/com.android.i18n/etc/icu/icudt76l.dat
[ 2026-07-25T23:50:43.905        0:  2888:  2888 D/nativeloader    ] Load libjavacore.so using APEX ns com_android_art for caller /apex/com.android.art/javalib/core-oj.jar: ok
[ 2026-07-25T23:50:43.905        0:  2888:  2888 D/nativeloader    ] Load libopenjdk.so using APEX ns com_android_art for caller /apex/com.android.art/javalib/core-oj.jar: ok
[ 2026-07-25T23:50:43.951        0:  2888:  2888 D/nativeloader    ] Load libframework-connectivity-tiramisu-jni.so using APEX ns com_android_tethering for caller /apex/com.android.tethering/javalib/framework-connectivity-t.jar: ok
[ 2026-07-25T23:50:43.952        0:  2888:  2888 D/AndroidRuntime  ] Calling main entry org.lsposed.lspd.Main
[ 2026-07-25T23:50:43.990        0:  2888:  2888 I/LSPosedService  ] starting server...
[ 2026-07-25T23:50:44.018        0:  2888:  2888 I/LSPosedService  ] version 2.1.0-it (7784)
[ 2026-07-25T23:50:44.019        0:  2888:  2888 D/nativeloader    ] InitApexLibraries:
  com_android_art: libnativehelper.so
  com_android_i18n: libicui18n.so:libicuuc.so:libicu.so
  com_android_neuralnetworks: libneuralnetworks.so
[ 2026-07-25T23:50:44.019        0:  2888:  2888 D/nativeloader    ] InitDefaultPublicLibraries for_preload=0: libandroid.so:libaaudio.so:libamidi.so:libbinder_ndk.so:libc.so:libcamera2ndk.so:libclang_rt.hwasan-aarch64-android.so:libdl.so:libEGL.so:libGLESv1_CM.so:libGLESv2.so:libGLESv3.so:libjnigraphics.so:liblog.so:libmediandk.so:libm.so:libnativewindow.so:libOpenMAXAL.so:libOpenSLES.so:libRS.so:libstdc++.so:libsync.so:libvulkan.so:libwebviewchromium_plat_support.so:libz.so
[ 2026-07-25T23:50:44.019        0:  2888:  2888 D/nativeloader    ] Configuring clns-1 for other apk . target_sdk_version=0, uses_libraries=ALL, library_path=/system/lib64:/system_ext/lib64, permitted_path=/data:/mnt/expand
[ 2026-07-25T23:50:44.022        0:  2888:  2888 D/nativeloader    ] InitExtendedPublicLibraries: libbinauralrenderer_wrapper.qti.so:libhoaeffects.qti.so:libmisys_jni.xiaomi.so:libpag.hyperos.so:libffavc.hyperos.so:libxiaomi_modemdumpsdx55_jni.modem.so:libxiaomi_modemdump_jni.modem.so:libmodemsmartengine_jni.modem.so:libupdateprof.qti.so:libthermalclient.qti.so:libdiag_system.qti.so:libqape.qti.so:libqesdk_ndk_platform.qti.so:liblistenjni.qti.so:libtflite_interface_wrap.touch.so:libestimate_interface.touch.so:libbrushstroke_interface.touch.so:librecognize_interface.touch.so:libgesture_interface.touch.so:libautoui_image.xiaomi.so
[ 2026-07-25T23:50:44.022        0:  2888:  2888 D/nativeloader    ] Extending system_exposed_libraries: libbinauralrenderer_wrapper.qti.so:libhoaeffects.qti.so:libmisys_jni.xiaomi.so:libpag.hyperos.so:libffavc.hyperos.so:libxiaomi_modemdumpsdx55_jni.modem.so:libxiaomi_modemdump_jni.modem.so:libmodemsmartengine_jni.modem.so:libupdateprof.qti.so:libthermalclient.qti.so:libdiag_system.qti.so:libqape.qti.so:libqesdk_ndk_platform.qti.so:liblistenjni.qti.so:libtflite_interface_wrap.touch.so:libestimate_interface.touch.so:libbrushstroke_interface.touch.so:librecognize_interface.touch.so:libgesture_interface.touch.so:libautoui_image.xiaomi.so
[ 2026-07-25T23:50:44.023        0:  2888:  2888 D/nativeloader    ] InitVendorPublicLibraries: libqti-perfd-client.so:libadsprpc.so:libcdsprpc.so:libsdsprpc.so:libfastcvopt.so:libOpenCL.so:libSNPE.so:libmialgo_utils.so:libxmi_slow_motion_mein.so:libmialgo_ai_vision.so:libmiocr.so:libanc_single_bokeh.so:libSEGModel.so
[ 2026-07-25T23:50:44.023        0:  2888:  2888 D/nativeloader    ] InitProductPublicLibraries: 
[ 2026-07-25T23:50:44.027        0:  2888:  2888 D/nativeloader    ] Load /data/adb/modules/zygisk_lsposed/daemon.apk!/lib/arm64-v8a/libdaemon.so using isolated ns clns-1 (caller=/data/adb/modules/zygisk_lsposed/daemon.apk): ok
[ 2026-07-25T23:50:44.035        0:  2888:  3169 I/LSPosedLogcat   ] start running
[ 2026-07-25T23:50:44.035        0:  2888:  3169 I/LSPosedLogcat   ] New log file: /data/adb/lspd/log/verbose_2026-07-25T23:50:44.035404.log
[ 2026-07-25T23:50:44.035        0:  2888:  3169 I/LSPosedLogcat   ] New log file: /data/adb/lspd/log/modules_2026-07-25T23:50:44.035628.log
[ 2026-07-25T23:50:44.038        0:  2888:  2888 W/lspd            ] ClassLoaderContext classpath size mismatch. expected=0, found=1 (PCL[] | PCL[/system_ext/framework/miui-framework-pointer-pad.jar*3880989504])
[ 2026-07-25T23:50:44.039        0:  2888:  2888 W/lspd            ] ClassLoaderContext classpath size mismatch. expected=0, found=2 (PCL[] | PCL[/system_ext/framework/miui-framework-pointer-pad.jar*3880989504:/system_ext/framework/miui-framework.autoui.jar*2881616845])
[ 2026-07-25T23:50:44.042        0:  2888:  2888 I/MessageMonitor  ] Load libmiui_runtime
[ 2026-07-25T23:50:44.042        0:  2888:  2888 D/nativeloader    ] Load libmiui_runtime.so using system ns (caller=/system_ext/framework/miui-framework.jar): ok
[ 2026-07-25T23:50:44.043        0:  2888:  2888 E/lspd            ] register_android_view_SurfaceRuntimeShader  
[ 2026-07-25T23:50:44.043        0:  2888:  2888 E/lspd            ] register_android_view_SurfaceRuntimeShader  0
[ 2026-07-25T23:50:44.047        0:  2888:  3173 D/nativeloader    ] Load libjavacrypto.so using APEX ns com_android_conscrypt for caller /apex/com.android.conscrypt/javalib/conscrypt.jar: ok
[ 2026-07-25T23:50:44.048        0:  2888:  2888 W/SQLiteCompatibilityWalFlags ] Cannot read global setting sqlite_compatibility_wal_flags - Application state not available
[ 2026-07-25T23:50:44.052        0:  2888:  2888 D/ThemeCompatibility ] START loading theme compatibility config.
[ 2026-07-25T23:50:44.052        0:  2888:  2888 D/ThemeCompatibility ] getVersion(): /data/system/theme_config/theme_compatibility.xml  java.io.FileNotFoundException: /data/system/theme_config/theme_compatibility.xml: open failed: ENOENT (No such file or directory)
[ 2026-07-25T23:50:44.052        0:  2888:  2888 D/ThemeCompatibility ] getConfigDocumentTree(): 140 vs -1
[ 2026-07-25T23:50:44.052        0:  2888:  2888 D/ThemeCompatibility ]     parse file: /product/media/theme/theme_compatibility.xml
[ 2026-07-25T23:50:44.053        0:  2888:  2888 D/ThemeCompatibility ] END loading: version=140 size=71
[ 2026-07-25T23:50:44.054        0:  2888:  2888 I/OverlayConfig   ] Sorting partitions in the specified order from partitions_order.xml
[ 2026-07-25T23:50:44.141        0:  2888:  2888 I/AssetManagerImpl  ] Load libmiui_runtime
[ 2026-07-25T23:50:44.179        0:  2888:  2888 I/lspd            ] AssetManager2(0xb400007be6ef5ad8) locale list changing from [] to [zh-CN]
[ 2026-07-25T23:50:44.198        0:  2888:  2888 W/lspd            ] ClassLoaderContext parent mismatch.  (PCL[] | PCL[];PCL[/data/adb/modules/zygisk_lsposed/daemon.apk*3404679709])
[ 2026-07-25T23:50:44.230        0:  2888:  2888 I/AconfigPackage  ] android.app.admin.flags is mapped to system
[ 2026-07-25T23:50:44.230        0:  2888:  2888 I/AconfigPackage  ] android.database.sqlite is mapped to system
[ 2026-07-25T23:50:44.230        0:  2888:  2888 I/AconfigPackage  ] com.android.server.power.feature.flags is mapped to system
[ 2026-07-25T23:50:44.230        0:  2888:  2888 I/AconfigPackage  ] com.android.media.performance.flags is mapped to system
[ 2026-07-25T23:50:44.230        0:  2888:  2888 I/AconfigPackage  ] android.app.contextualsearch.flags is mapped to system
[ 2026-07-25T23:50:44.230        0:  2888:  2888 I/AconfigPackage  ] android.app.ondeviceintelligence.flags is mapped to system
[ 2026-07-25T23:50:44.230        0:  2888:  2888 I/AconfigPackage  ] com.android.media.projection.flags is mapped to system
[ 2026-07-25T23:50:44.230        0:  2888:  2888 I/AconfigPackage  ] android.companion is mapped to system
[ 2026-07-25T23:50:44.230        0:  2888:  2888 I/AconfigPackage  ] android.service.controls.flags is mapped to system
[ 2026-07-25T23:50:44.230        0:  2888:  2888 I/AconfigPackage  ] com.android.text.flags is mapped to system
[ 2026-07-25T23:50:44.230        0:  2888:  2888 I/AconfigPackage  ] com.android.providers.contactkeys.flags is mapped to system
[ 2026-07-25T23:50:44.230        0:  2888:  2888 I/AconfigPackage  ] android.companion.virtualdevice.flags is mapped to system
[ 2026-07-25T23:50:44.230        0:  2888:  2888 I/AconfigPackage  ] android.uprobestats.flags is mapped to system
[ 2026-07-25T23:50:44.230        0:  2888:  2888 I/AconfigPackage  ] com.android.net.thread.platform.flags is mapped to system
[ 2026-07-25T23:50:44.230        0:  2888:  2888 I/AconfigPackage  ] android.view.contentprotection.flags is mapped to system
[ 2026-07-25T23:50:44.230        0:  2888:  2888 I/AconfigPackage  ] com.android.graphics.skia.ddreflags is mapped to system
[ 2026-07-25T23:50:44.230        0:  2888:  2888 I/AconfigPackage  ] com.android.server.dreams is mapped to system
[ 2026-07-25T23:50:44.230        0:  2888:  2888 I/AconfigPackage  ] com.android.graphics.surfaceflinger.flags is mapped to system
[ 2026-07-25T23:50:44.230        0:  2888:  2888 I/AconfigPackage  ] com.android.hardware.input is mapped to system
[ 2026-07-25T23:50:44.230        0:  2888:  2888 I/AconfigPackage  ] android.sdk is mapped to system
[ 2026-07-25T23:50:44.230        0:  2888:  2888 I/AconfigPackage  ] com.android.wm.shell.transition is mapped to system
[ 2026-07-25T23:50:44.230        0:  2888:  2888 I/AconfigPackage  ] com.android.input.flags is mapped to system
[ 2026-07-25T23:50:44.230        0:  2888:  2888 I/AconfigPackage  ] android.tracing is mapped to system
[ 2026-07-25T23:50:44.230        0:  2888:  2888 I/AconfigPackage  ] com.android.server.biometrics is mapped to system
[ 2026-07-25T23:50:44.230        0:  2888:  2888 I/AconfigPackage  ] android.view.contentcapture.flags is mapped to system
[ 2026-07-25T23:50:44.230        0:  2888:  2888 I/AconfigPackage  ] android.content.pm.flags is mapped to system
[ 2026-07-25T23:50:44.230        0:  2888:  2888 I/AconfigPackage  ] android.app.job is mapped to system
[ 2026-07-25T23:50:44.230        0:  2888:  2888 I/AconfigPackage  ] android.content.res is mapped to system
[ 2026-07-25T23:50:44.230        0:  2888:  2888 I/AconfigPackage  ] android.net.platform.flags is mapped to system
[ 2026-07-25T23:50:44.230        0:  2888:  2888 I/AconfigPackage  ] com.android.aconfig.flags is mapped to system
[ 2026-07-25T23:50:44.230        0:  2888:  2888 I/AconfigPackage  ] com.android.graphics.flags is mapped to system
[ 2026-07-25T23:50:44.230        0:  2888:  2888 I/AconfigPackage  ] android.server.app is mapped to system
[ 2026-07-25T23:50:44.230        0:  2888:  2888 I/AconfigPackage  ] android.speech.flags is mapped to system
[ 2026-07-25T23:50:44.230        0:  2888:  2888 I/AconfigPackage  ] com.android.server.stats is mapped to system
[ 2026-07-25T23:50:44.230        0:  2888:  2888 I/AconfigPackage  ] android.hardware.biometrics is mapped to system
[ 2026-07-25T23:50:44.230        0:  2888:  2888 I/AconfigPackage  ] android.car.feature is mapped to system
[ 2026-07-25T23:50:44.230        0:  2888:  2888 I/AconfigPackage  ] android.adpf is mapped to system
[ 2026-07-25T23:50:44.230        0:  2888:  2888 I/AconfigPackage  ] android.location.flags is mapped to system
[ 2026-07-25T23:50:44.230        0:  2888:  2888 I/AconfigPackage  ] com.android.settingslib.flags is mapped to system
[ 2026-07-25T23:50:44.230        0:  2888:  2888 I/AconfigPackage  ] com.android.managedprovisioning.flags is mapped to system
[ 2026-07-25T23:50:44.230        0:  2888:  2888 I/AconfigPackage  ] android.app.assist.flags is mapped to system
[ 2026-07-25T23:50:44.230        0:  2888:  2888 I/AconfigPackage  ] com.android.server.net is mapped to system
[ 2026-07-25T23:50:44.230        0:  2888:  2888 I/AconfigPackage  ] com.android.settingslib.widget.flags is mapped to system
[ 2026-07-25T23:50:44.230        0:  2888:  2888 I/AconfigPackage  ] com.android.internal.camera.flags is mapped to system
[ 2026-07-25T23:50:44.230        0:  2888:  2888 I/AconfigPackage  ] com.android.hardware.libsensor.flags is mapped to system
[ 2026-07-25T23:50:44.230        0:  2888:  2888 I/AconfigPackage  ] com.thirdappopt is mapped to system
[ 2026-07-25T23:50:44.230        0:  2888:  2888 I/AconfigPackage  ] com.android.internal.jank is mapped to system
[ 2026-07-25T23:50:44.230        0:  2888:  2888 I/AconfigPackage  ] com.android.providers.settings is mapped to system
[ 2026-07-25T23:50:44.230        0:  2888:  2888 I/AconfigPackage  ] android.multiuser is mapped to system
[ 2026-07-25T23:50:44.230        0:  2888:  2888 I/AconfigPackage  ] com.android.server.power.optimization is mapped to system
[ 2026-07-25T23:50:44.230        0:  2888:  2888 I/AconfigPackage  ] com.android.calllogbackup is mapped to system
[ 2026-07-25T23:50:44.230        0:  2888:  2888 I/AconfigPackage  ] com.android.server.battery is mapped to system
[ 2026-07-25T23:50:44.230        0:  2888:  2888 I/AconfigPackage  ] com.android.media.flags is mapped to system
[ 2026-07-25T23:50:44.230        0:  2888:  2888 I/AconfigPackage  ] com.android.server.flags is mapped to system
[ 2026-07-25T23:50:44.230        0:  2888:  2888 I/AconfigPackage  ] com.android.graphics.libvulkan.flags is mapped to system
[ 2026-07-25T23:50:44.230        0:  2888:  2888 I/AconfigPackage  ] android.app.appfunctions.flags is mapped to system
[ 2026-07-25T23:50:44.230        0:  2888:  2888 I/AconfigPackage  ] android.app.smartspace.flags is mapped to system
[ 2026-07-25T23:50:44.230        0:  2888:  2888 I/AconfigPackage  ] com.android.providers.contacts.flags is mapped to system
[ 2026-07-25T23:50:44.230        0:  2888:  2888 I/AconfigPackage  ] android.stability.flags is mapped to system
[ 2026-07-25T23:50:44.230        0:  2888:  2888 I/AconfigPackage  ] com.android.shell.flags is mapped to system
[ 2026-07-25T23:50:44.230        0:  2888:  2888 I/AconfigPackage  ] com.android.media.aaudio is mapped to system
[ 2026-07-25T23:50:44.230        0:  2888:  2888 I/AconfigPackage  ] android.hardware.radio is mapped to system
[ 2026-07-25T23:50:44.230        0:  2888:  2888 I/AconfigPackage  ] suspend_service.flags is mapped to system
[ 2026-07-25T23:50:44.230        0:  2888:  2888 I/AconfigPackage  ] android.media.midi is mapped to system
[ 2026-07-25T23:50:44.230        0:  2888:  2888 I/AconfigPackage  ] com.android.libcore.readonly is mapped to system
[ 2026-07-25T23:50:44.230        0:  2888:  2888 I/AconfigPackage  ] com.android.settingslib.widget.selectorwithwidgetpreference.flags is mapped to system
[ 2026-07-25T23:50:44.230        0:  2888:  2888 I/AconfigPackage  ] android.service.notification is mapped to system
[ 2026-07-25T23:50:44.230        0:  2888:  2888 I/AconfigPackage  ] com.android.systemui.shared is mapped to system
[ 2026-07-25T23:50:44.230        0:  2888:  2888 I/AconfigPackage  ] android.app.jank is mapped to system
[ 2026-07-25T23:50:44.230        0:  2888:  2888 I/AconfigPackage  ] android.app.wearable is mapped to system
[ 2026-07-25T23:50:44.230        0:  2888:  2888 I/AconfigPackage  ] com.android.media.audio is mapped to system
[ 2026-07-25T23:50:44.230        0:  2888:  2888 I/AconfigPackage  ] android.service.chooser is mapped to system
[ 2026-07-25T23:50:44.230        0:  2888:  2888 I/AconfigPackage  ] com.android.server.compat is mapped to system
[ 2026-07-25T23:50:44.230        0:  2888:  2888 I/AconfigPackage  ] com.android.server.alarm is mapped to system
[ 2026-07-25T23:50:44.230        0:  2888:  2888 I/AconfigPackage  ] com.android.apex.flags is mapped to system
[ 2026-07-25T23:50:44.230        0:  2888:  2888 I/AconfigPackage  ] android.service.quickaccesswallet is mapped to system
[ 2026-07-25T23:50:44.230        0:  2888:  2888 I/AconfigPackage  ] android.app.usage is mapped to system
[ 2026-07-25T23:50:44.230        0:  2888:  2888 I/AconfigPackage  ] com.android.server.accessibility is mapped to system
[ 2026-07-25T23:50:44.230        0:  2888:  2888 I/AconfigPackage  ] android.app.supervision.flags is mapped to system
[ 2026-07-25T23:50:44.230        0:  2888:  2888 I/AconfigPackage  ] com.android.server.utils is mapped to system
[ 2026-07-25T23:50:44.230        0:  2888:  2888 I/AconfigPackage  ] android.chre.flags is mapped to system
[ 2026-07-25T23:50:44.230        0:  2888:  2888 I/AconfigPackage  ] android.content.flags is mapped to system
[ 2026-07-25T23:50:44.230        0:  2888:  2888 I/AconfigPackage  ] android.media.codec is mapped to system
[ 2026-07-25T23:50:44.230        0:  2888:  2888 I/AconfigPackage  ] com.android.internal.os is mapped to system
[ 2026-07-25T23:50:44.230        0:  2888:  2888 I/AconfigPackage  ] com.android.nfc.nci.flags is mapped to system
[ 2026-07-25T23:50:44.230        0:  2888:  2888 I/AconfigPackage  ] android.app is mapped to system
[ 2026-07-25T23:50:44.230        0:  2888:  2888 I/AconfigPackage  ] android.security.keystore2 is mapped to system
[ 2026-07-25T23:50:44.230        0:  2888:  2888 I/AconfigPackage  ] android.crashrecovery.flags is mapped to system
[ 2026-07-25T23:50:44.230        0:  2888:  2888 I/AconfigPackage  ] com.android.tradeinmode.flags is mapped to system
[ 2026-07-25T23:50:44.230        0:  2888:  2888 I/AconfigPackage  ] android.hardware.flags is mapped to system
[ 2026-07-25T23:50:44.230        0:  2888:  2888 I/AconfigPackage  ] com.android.server.telecom.flags is mapped to system
[ 2026-07-25T23:50:44.230        0:  2888:  2888 I/AconfigPackage  ] com.android.settingslib.media.flags is mapped to system
[ 2026-07-25T23:50:44.230        0:  2888:  2888 I/AconfigPackage  ] com.android.server.policy is mapped to system
[ 2026-07-25T23:50:44.230        0:  2888:  2888 I/AconfigPackage  ] android.media.audiopolicy is mapped to system
[ 2026-07-25T23:50:44.230        0:  2888:  2888 I/AconfigPackage  ] com.android.egg.flags is mapped to system
[ 2026-07-25T23:50:44.230        0:  2888:  2888 I/AconfigPackage  ] com.android.internal.compat.flags is mapped to system
[ 2026-07-25T23:50:44.230        0:  2888:  2888 I/AconfigPackage  ] android.security is mapped to system
[ 2026-07-25T23:50:44.230        0:  2888:  2888 I/AconfigPackage  ] android.service.autofill is mapped to system
[ 2026-07-25T23:50:44.231        0:  2888:  2888 I/AconfigPackage  ] com.example.android.aconfig.demo.flags is mapped to system
[ 2026-07-25T23:50:44.231        0:  2888:  2888 I/AconfigPackage  ] android.view.flags is mapped to system
[ 2026-07-25T23:50:44.231        0:  2888:  2888 I/AconfigPackage  ] android.companion.virtual.flags is mapped to system
[ 2026-07-25T23:50:44.231        0:  2888:  2888 I/AconfigPackage  ] com.android.aconfig_new_storage is mapped to system
[ 2026-07-25T23:50:44.231        0:  2888:  2888 I/AconfigPackage  ] com.android.wm.shell.recents is mapped to system
[ 2026-07-25T23:50:44.231        0:  2888:  2888 I/AconfigPackage  ] com.android.server.feature.flags is mapped to system
[ 2026-07-25T23:50:44.231        0:  2888:  2888 I/AconfigPackage  ] com.android.systemui is mapped to system
[ 2026-07-25T23:50:44.231        0:  2888:  2888 I/AconfigPackage  ] com.android.graphics.skia.flags is mapped to system
[ 2026-07-25T23:50:44.231        0:  2888:  2888 I/AconfigPackage  ] com.android.server.power.batterysaver is mapped to system
[ 2026-07-25T23:50:44.231        0:  2888:  2888 I/AconfigPackage  ] android.widget.flags is mapped to system
[ 2026-07-25T23:50:44.231        0:  2888:  2888 I/AconfigPackage  ] com.android.media.editing.flags is mapped to system
[ 2026-07-25T23:50:44.231        0:  2888:  2888 I/AconfigPackage  ] com.android.media.codec.flags is mapped to system
[ 2026-07-25T23:50:44.231        0:  2888:  2888 I/AconfigPackage  ] com.android.server.powerstats is mapped to system
[ 2026-07-25T23:50:44.231        0:  2888:  2888 I/AconfigPackage  ] com.android.graphics.egl.flags is mapped to system
[ 2026-07-25T23:50:44.231        0:  2888:  2888 I/AconfigPackage  ] com.android.media.audioserver is mapped to system
[ 2026-07-25T23:50:44.231        0:  2888:  2888 I/AconfigPackage  ] com.android.server.deviceidle is mapped to system
[ 2026-07-25T23:50:44.231        0:  2888:  2888 I/AconfigPackage  ] android.nfc is mapped to system
[ 2026-07-25T23:50:44.231        0:  2888:  2888 I/AconfigPackage  ] com.android.server.logmanager is mapped to system
[ 2026-07-25T23:50:44.231        0:  2888:  2888 I/AconfigPackage  ] android.permission.flags is mapped to system
[ 2026-07-25T23:50:44.231        0:  2888:  2888 I/AconfigPackage  ] android.service.voice.flags is mapped to system
[ 2026-07-25T23:50:44.231        0:  2888:  2888 I/AconfigPackage  ] android.content.pm is mapped to system
[ 2026-07-25T23:50:44.231        0:  2888:  2888 I/AconfigPackage  ] com.android.server.power.hint is mapped to system
[ 2026-07-25T23:50:44.231        0:  2888:  2888 I/AconfigPackage  ] com.android.server.wm is mapped to system
[ 2026-07-25T23:50:44.231        0:  2888:  2888 I/AconfigPackage  ] com.android.navimmersive.flags is mapped to system
[ 2026-07-25T23:50:44.231        0:  2888:  2888 I/AconfigPackage  ] android.os is mapped to system
[ 2026-07-25T23:50:44.231        0:  2888:  2888 I/AconfigPackage  ] android.service.dreams is mapped to system
[ 2026-07-25T23:50:44.231        0:  2888:  2888 I/AconfigPackage  ] xiaomi.platform.flags is mapped to system
[ 2026-07-25T23:50:44.231        0:  2888:  2888 I/AconfigPackage  ] com.android.graphics.libgui.flags is mapped to system
[ 2026-07-25T23:50:44.231        0:  2888:  2888 I/AconfigPackage  ] android.hardware.usb.flags is mapped to system
[ 2026-07-25T23:50:44.231        0:  2888:  2888 I/AconfigPackage  ] android.provider is mapped to system
[ 2026-07-25T23:50:44.231        0:  2888:  2888 I/AconfigPackage  ] com.android.server.job is mapped to system
[ 2026-07-25T23:50:44.231        0:  2888:  2888 I/AconfigPackage  ] com.android.internal.foldables.flags is mapped to system
[ 2026-07-25T23:50:44.231        0:  2888:  2888 I/AconfigPackage  ] com.android.internal.telephony.flags is mapped to system
[ 2026-07-25T23:50:44.231        0:  2888:  2888 I/AconfigPackage  ] android.webkit is mapped to system
[ 2026-07-25T23:50:44.231        0:  2888:  2888 I/AconfigPackage  ] android.credentials.flags is mapped to system
[ 2026-07-25T23:50:44.231        0:  2888:  2888 I/AconfigPackage  ] com.android.server.display.feature.flags is mapped to system
[ 2026-07-25T23:50:44.231        0:  2888:  2888 I/AconfigPackage  ] com.android.server.notification is mapped to system
[ 2026-07-25T23:50:44.231        0:  2888:  2888 I/AconfigPackage  ] android.appwidget.flags is mapped to system
[ 2026-07-25T23:50:44.231        0:  2888:  2888 I/AconfigPackage  ] com.android.frameworks.sensorservice.flags is mapped to system
[ 2026-07-25T23:50:44.231        0:  2888:  2888 I/AconfigPackage  ] com.android.window.flags is mapped to system
[ 2026-07-25T23:50:44.231        0:  2888:  2888 I/AconfigPackage  ] android.adaptiveauth is mapped to system
[ 2026-07-25T23:50:44.231        0:  2888:  2888 I/AconfigPackage  ] android.net.wifi.flags is mapped to system
[ 2026-07-25T23:50:44.231        0:  2888:  2888 I/AconfigPackage  ] android.media.tv.flags is mapped to system
[ 2026-07-25T23:50:44.231        0:  2888:  2888 I/AconfigPackage  ] com.android.server.usb.flags is mapped to system
[ 2026-07-25T23:50:44.231        0:  2888:  2888 I/AconfigPackage  ] android.os.vibrator is mapped to system
[ 2026-07-25T23:50:44.231        0:  2888:  2888 I/AconfigPackage  ] android.hardware.devicestate.feature.flags is mapped to system
[ 2026-07-25T23:50:44.231        0:  2888:  2888 I/AconfigPackage  ] com.android.server.usage is mapped to system
[ 2026-07-25T23:50:44.231        0:  2888:  2888 I/AconfigPackage  ] android.server is mapped to system
[ 2026-07-25T23:50:44.231        0:  2888:  2888 I/AconfigPackage  ] com.android.wm.shell is mapped to system
[ 2026-07-25T23:50:44.231        0:  2888:  2888 I/AconfigPackage  ] android.view.inputmethod is mapped to system
[ 2026-07-25T23:50:44.231        0:  2888:  2888 I/AconfigPackage  ] com.android.graphics.hwui.flags is mapped to system
[ 2026-07-25T23:50:44.231        0:  2888:  2888 I/AconfigPackage  ] com.android.server.backup is mapped to system
[ 2026-07-25T23:50:44.231        0:  2888:  2888 I/AconfigPackage  ] com.android.internal.pm.pkg.component.flags is mapped to system
[ 2026-07-25T23:50:44.231        0:  2888:  2888 I/AconfigPackage  ] android.view.accessibility is mapped to system
[ 2026-07-25T23:50:44.231        0:  2888:  2888 I/AconfigPackage  ] android.media.audio is mapped to system
[ 2026-07-25T23:50:44.231        0:  2888:  2888 I/AconfigPackage  ] com.android.server.am is mapped to system
[ 2026-07-25T23:50:44.231        0:  2888:  2888 I/AconfigPackage  ] com.android.media.playback.flags is mapped to system
[ 2026-07-25T23:50:44.231        0:  2888:  2888 I/AconfigPackage  ] com.android.settings.accessibility is mapped to system_ext
[ 2026-07-25T23:50:44.231        0:  2888:  2888 I/AconfigPackage  ] com.android.settings.keyboard is mapped to system_ext
[ 2026-07-25T23:50:44.231        0:  2888:  2888 I/AconfigPackage  ] com.android.settings.factory_reset is mapped to system_ext
[ 2026-07-25T23:50:44.231        0:  2888:  2888 I/AconfigPackage  ] com.android.systemui.accessibility.accessibilitymenu is mapped to system_ext
[ 2026-07-25T23:50:44.231        0:  2888:  2888 I/AconfigPackage  ] com.android.server.policy.feature.flags is mapped to system_ext
[ 2026-07-25T23:50:44.231        0:  2888:  2888 I/AconfigPackage  ] com.android.settings.flags is mapped to system_ext
[ 2026-07-25T23:50:44.231        0:  2888:  2888 I/AconfigPackage  ] com.android.settings.media_drm is mapped to system_ext
[ 2026-07-25T23:50:44.231        0:  2888:  2888 I/AconfigPackage  ] com.android.launcher3 is mapped to system_ext
[ 2026-07-25T23:50:44.231        0:  2888:  2888 I/AconfigPackage  ] com.android.uwb.flags is mapped to com.android.uwb
[ 2026-07-25T23:50:44.231        0:  2888:  2888 I/AconfigPackage  ] com.android.ranging.flags is mapped to com.android.uwb
[ 2026-07-25T23:50:44.232        0:  2888:  2888 I/AconfigPackage  ] com.android.bluetooth.flags is mapped to com.android.bt
[ 2026-07-25T23:50:44.238        0:  2888:  2888 I/AconfigPackage  ] com.android.appsearch.flags is mapped to com.android.appsearch
[ 2026-07-25T23:50:44.238        0:  2888:  2888 I/AconfigPackage  ] com.android.permission.flags is mapped to com.android.permission
[ 2026-07-25T23:50:44.239        0:  2888:  2888 E/AconfigPackage  ] mapStorageFile exception for /metadata/aconfig/boot/com.android.webapp.val
java.nio.file.NoSuchFileException: /metadata/aconfig/boot/com.android.webapp.val
	at sun.nio.fs.UnixFileSystemProvider.newFileChannel(UnixFileSystemProvider.java:183)
	at java.nio.channels.FileChannel.open(FileChannel.java:292)
	at java.nio.channels.FileChannel.open(FileChannel.java:345)
	at android.os.flagging.AconfigPackage.mapStorageFile(AconfigPackage.java:182)
	at android.os.flagging.AconfigPackage.<clinit>(AconfigPackage.java:91)
	at com.android.internal.hidden_from_bootclasspath.android.provider.flags.FeatureFlagsImpl.init(FeatureFlagsImpl.java:19)
	at com.android.internal.hidden_from_bootclasspath.android.provider.flags.FeatureFlagsImpl.newStoragePublicApi(FeatureFlagsImpl.java:63)
	at com.android.internal.hidden_from_bootclasspath.android.provider.flags.Flags.newStoragePublicApi(Flags.java:32)
	at android.app.SystemServiceRegistry.<clinit>(SystemServiceRegistry.java:1902)
	at android.app.ContextImpl.<init>(ContextImpl.java:382)
	at android.app.ContextImpl.createSystemContext(ContextImpl.java:3457)
	at android.app.ActivityThread.getSystemContext(ActivityThread.java:3579)
	at android.app.ActivityThread.initializeSystemThread(ActivityThread.java:9813)
	at android.app.ActivityThread.attach(ActivityThread.java:9769)
	at android.app.ActivityThread.systemMain(ActivityThread.java:9828)
	at org.lsposed.lspd.Main.main(r8-map-id-ef69aa9584fd3639033f649d3a48cddbe781c8748ddd534fdc2454a8b2effb6c:411)
	at com.android.internal.os.RuntimeInit.nativeFinishInit(Native Method)
	at com.android.internal.os.RuntimeInit.main(RuntimeInit.java:394)
[ 2026-07-25T23:50:44.240        0:  2888:  2888 W/AconfigPackage  ] failed to map some package from com.android.webapp.package.map: android.os.flagging.AconfigStorageReadException: ERROR_CANNOT_READ_STORAGE_FILE: Fail to mmap storage
[ 2026-07-25T23:50:44.240        0:  2888:  2888 I/AconfigPackage  ] com.android.system.virtualmachine.flags is mapped to com.android.virt
[ 2026-07-25T23:50:44.240        0:  2888:  2888 I/AconfigPackage  ] com.android.org.conscrypt.flags is mapped to com.android.conscrypt
[ 2026-07-25T23:50:44.240        0:  2888:  2888 I/AconfigPackage  ] com.android.media.extractor.flags is mapped to com.android.media
[ 2026-07-25T23:50:44.240        0:  2888:  2888 I/AconfigPackage  ] com.android.media.mainline.flags is mapped to com.android.media
[ 2026-07-25T23:50:44.240        0:  2888:  2888 I/AconfigPackage  ] com.android.os.statsd.flags is mapped to com.android.os.statsd
[ 2026-07-25T23:50:44.240        0:  2888:  2888 I/AconfigPackage  ] android.os.profiling is mapped to com.android.profiling
[ 2026-07-25T23:50:44.240        0:  2888:  2888 I/AconfigPackage  ] com.android.wifi.flags is mapped to com.android.wifi
[ 2026-07-25T23:50:44.240        0:  2888:  2888 I/AconfigPackage  ] android.media.swcodec.flags is mapped to com.android.media.swcodec
[ 2026-07-25T23:50:44.240        0:  2888:  2888 I/AconfigPackage  ] android.uprobestats.mainline.flags is mapped to com.android.uprobestats
[ 2026-07-25T23:50:44.240        0:  2888:  2888 I/AconfigPackage  ] com.android.ipsec.flags is mapped to com.android.ipsec
[ 2026-07-25T23:50:44.240        0:  2888:  2888 I/AconfigPackage  ] com.android.adservices.flags is mapped to com.android.adservices
[ 2026-07-25T23:50:44.240        0:  2888:  2888 I/AconfigPackage  ] com.android.sdksandbox.flags is mapped to com.android.adservices
[ 2026-07-25T23:50:44.240        0:  2888:  2888 I/AconfigPackage  ] com.android.devicelock.flags is mapped to com.android.devicelock
[ 2026-07-25T23:50:44.240        0:  2888:  2888 I/AconfigPackage  ] android.graphics.pdf.flags is mapped to com.android.mediaprovider
[ 2026-07-25T23:50:44.240        0:  2888:  2888 I/AconfigPackage  ] com.android.providers.media.flags is mapped to com.android.mediaprovider
[ 2026-07-25T23:50:44.240        0:  2888:  2888 I/AconfigPackage  ] android.graphics.pdf.flags.readonly is mapped to com.android.mediaprovider
[ 2026-07-25T23:50:44.240        0:  2888:  2888 I/AconfigPackage  ] com.android.net.ct.flags is mapped to com.android.tethering
[ 2026-07-25T23:50:44.240        0:  2888:  2888 I/AconfigPackage  ] com.android.net.flags is mapped to com.android.tethering
[ 2026-07-25T23:50:44.240        0:  2888:  2888 I/AconfigPackage  ] android.net.vcn is mapped to com.android.tethering
[ 2026-07-25T23:50:44.240        0:  2888:  2888 I/AconfigPackage  ] com.android.nearby.flags is mapped to com.android.tethering
[ 2026-07-25T23:50:44.240        0:  2888:  2888 I/AconfigPackage  ] android.net.http is mapped to com.android.tethering
[ 2026-07-25T23:50:44.240        0:  2888:  2888 I/AconfigPackage  ] com.android.net.thread.flags is mapped to com.android.tethering
[ 2026-07-25T23:50:44.240        0:  2888:  2888 I/AconfigPackage  ] com.android.icu is mapped to com.android.i18n
[ 2026-07-25T23:50:44.240        0:  2888:  2888 I/AconfigPackage  ] com.android.art.flags is mapped to com.android.art
[ 2026-07-25T23:50:44.240        0:  2888:  2888 I/AconfigPackage  ] com.android.libcore is mapped to com.android.art
[ 2026-07-25T23:50:44.241        0:  2888:  2888 I/AconfigPackage  ] com.android.healthfitness.flags is mapped to com.android.healthfitness
[ 2026-07-25T23:50:44.241        0:  2888:  2888 I/AconfigPackage  ] android.provider.flags is mapped to com.android.configinfrastructure
[ 2026-07-25T23:50:44.241        0:  2888:  2888 I/AconfigPackage  ] com.android.server.deviceconfig is mapped to com.android.configinfrastructure
[ 2026-07-25T23:50:44.241        0:  2888:  2888 E/AconfigPackage  ] mapStorageFile exception for /metadata/aconfig/boot/com.android.cellbroadcast.val
java.nio.file.NoSuchFileException: /metadata/aconfig/boot/com.android.cellbroadcast.val
	at sun.nio.fs.UnixFileSystemProvider.newFileChannel(UnixFileSystemProvider.java:183)
	at java.nio.channels.FileChannel.open(FileChannel.java:292)
	at java.nio.channels.FileChannel.open(FileChannel.java:345)
	at android.os.flagging.AconfigPackage.mapStorageFile(AconfigPackage.java:182)
	at android.os.flagging.AconfigPackage.<clinit>(AconfigPackage.java:91)
	at com.android.internal.hidden_from_bootclasspath.android.provider.flags.FeatureFlagsImpl.init(FeatureFlagsImpl.java:19)
	at com.android.internal.hidden_from_bootclasspath.android.provider.flags.FeatureFlagsImpl.newStoragePublicApi(FeatureFlagsImpl.java:63)
	at com.android.internal.hidden_from_bootclasspath.android.provider.flags.Flags.newStoragePublicApi(Flags.java:32)
	at android.app.SystemServiceRegistry.<clinit>(SystemServiceRegistry.java:1902)
	at android.app.ContextImpl.<init>(ContextImpl.java:382)
	at android.app.ContextImpl.createSystemContext(ContextImpl.java:3457)
	at android.app.ActivityThread.getSystemContext(ActivityThread.java:3579)
	at android.app.ActivityThread.initializeSystemThread(ActivityThread.java:9813)
	at android.app.ActivityThread.attach(ActivityThread.java:9769)
	at android.app.ActivityThread.systemMain(ActivityThread.java:9828)
	at org.lsposed.lspd.Main.main(r8-map-id-ef69aa9584fd3639033f649d3a48cddbe781c8748ddd534fdc2454a8b2effb6c:411)
	at com.android.internal.os.RuntimeInit.nativeFinishInit(Native Method)
	at com.android.internal.os.RuntimeInit.main(RuntimeInit.java:394)
[ 2026-07-25T23:50:44.241        0:  2888:  2888 W/AconfigPackage  ] failed to map some package from com.android.cellbroadcast.package.map: android.os.flagging.AconfigStorageReadException: ERROR_CANNOT_READ_STORAGE_FILE: Fail to mmap storage
[ 2026-07-25T23:50:44.241        0:  2888:  2888 E/AconfigPackage  ] mapStorageFile exception for /metadata/aconfig/boot/com.android.compos.val
java.nio.file.NoSuchFileException: /metadata/aconfig/boot/com.android.compos.val
	at sun.nio.fs.UnixFileSystemProvider.newFileChannel(UnixFileSystemProvider.java:183)
	at java.nio.channels.FileChannel.open(FileChannel.java:292)
	at java.nio.channels.FileChannel.open(FileChannel.java:345)
	at android.os.flagging.AconfigPackage.mapStorageFile(AconfigPackage.java:182)
	at android.os.flagging.AconfigPackage.<clinit>(AconfigPackage.java:91)
	at com.android.internal.hidden_from_bootclasspath.android.provider.flags.FeatureFlagsImpl.init(FeatureFlagsImpl.java:19)
	at com.android.internal.hidden_from_bootclasspath.android.provider.flags.FeatureFlagsImpl.newStoragePublicApi(FeatureFlagsImpl.java:63)
	at com.android.internal.hidden_from_bootclasspath.android.provider.flags.Flags.newStoragePublicApi(Flags.java:32)
	at android.app.SystemServiceRegistry.<clinit>(SystemServiceRegistry.java:1902)
	at android.app.ContextImpl.<init>(ContextImpl.java:382)
	at android.app.ContextImpl.createSystemContext(ContextImpl.java:3457)
	at android.app.ActivityThread.getSystemContext(ActivityThread.java:3579)
	at android.app.ActivityThread.initializeSystemThread(ActivityThread.java:9813)
	at android.app.ActivityThread.attach(ActivityThread.java:9769)
	at android.app.ActivityThread.systemMain(ActivityThread.java:9828)
	at org.lsposed.lspd.Main.main(r8-map-id-ef69aa9584fd3639033f649d3a48cddbe781c8748ddd534fdc2454a8b2effb6c:411)
	at com.android.internal.os.RuntimeInit.nativeFinishInit(Native Method)
	at com.android.internal.os.RuntimeInit.main(RuntimeInit.java:394)
[ 2026-07-25T23:50:44.241        0:  2888:  2888 W/AconfigPackage  ] failed to map some package from com.android.compos.package.map: android.os.flagging.AconfigStorageReadException: ERROR_CANNOT_READ_STORAGE_FILE: Fail to mmap storage
[ 2026-07-25T23:50:44.241        0:  2888:  2888 E/AconfigPackage  ] mapStorageFile exception for /metadata/aconfig/boot/com.android.npumanager.val
java.nio.file.NoSuchFileException: /metadata/aconfig/boot/com.android.npumanager.val
	at sun.nio.fs.UnixFileSystemProvider.newFileChannel(UnixFileSystemProvider.java:183)
	at java.nio.channels.FileChannel.open(FileChannel.java:292)
	at java.nio.channels.FileChannel.open(FileChannel.java:345)
	at android.os.flagging.AconfigPackage.mapStorageFile(AconfigPackage.java:182)
	at android.os.flagging.AconfigPackage.<clinit>(AconfigPackage.java:91)
	at com.android.internal.hidden_from_bootclasspath.android.provider.flags.FeatureFlagsImpl.init(FeatureFlagsImpl.java:19)
	at com.android.internal.hidden_from_bootclasspath.android.provider.flags.FeatureFlagsImpl.newStoragePublicApi(FeatureFlagsImpl.java:63)
	at com.android.internal.hidden_from_bootclasspath.android.provider.flags.Flags.newStoragePublicApi(Flags.java:32)
	at android.app.SystemServiceRegistry.<clinit>(SystemServiceRegistry.java:1902)
	at android.app.ContextImpl.<init>(ContextImpl.java:382)
	at android.app.ContextImpl.createSystemContext(ContextImpl.java:3457)
	at android.app.ActivityThread.getSystemContext(ActivityThread.java:3579)
	at android.app.ActivityThread.initializeSystemThread(ActivityThread.java:9813)
	at android.app.ActivityThread.attach(ActivityThread.java:9769)
	at android.app.ActivityThread.systemMain(ActivityThread.java:9828)
	at org.lsposed.lspd.Main.main(r8-map-id-ef69aa9584fd3639033f649d3a48cddbe781c8748ddd534fdc2454a8b2effb6c:411)
	at com.android.internal.os.RuntimeInit.nativeFinishInit(Native Method)
	at com.android.internal.os.RuntimeInit.main(RuntimeInit.java:394)
[ 2026-07-25T23:50:44.241        0:  2888:  2888 W/AconfigPackage  ] failed to map some package from com.android.npumanager.package.map: android.os.flagging.AconfigStorageReadException: ERROR_CANNOT_READ_STORAGE_FILE: Fail to mmap storage
[ 2026-07-25T23:50:44.241        0:  2888:  2888 E/AconfigPackage  ] mapStorageFile exception for /metadata/aconfig/boot/com.android.rkpd.val
java.nio.file.NoSuchFileException: /metadata/aconfig/boot/com.android.rkpd.val
	at sun.nio.fs.UnixFileSystemProvider.newFileChannel(UnixFileSystemProvider.java:183)
	at java.nio.channels.FileChannel.open(FileChannel.java:292)
	at java.nio.channels.FileChannel.open(FileChannel.java:345)
	at android.os.flagging.AconfigPackage.mapStorageFile(AconfigPackage.java:182)
	at android.os.flagging.AconfigPackage.<clinit>(AconfigPackage.java:91)
	at com.android.internal.hidden_from_bootclasspath.android.provider.flags.FeatureFlagsImpl.init(FeatureFlagsImpl.java:19)
	at com.android.internal.hidden_from_bootclasspath.android.provider.flags.FeatureFlagsImpl.newStoragePublicApi(FeatureFlagsImpl.java:63)
	at com.android.internal.hidden_from_bootclasspath.android.provider.flags.Flags.newStoragePublicApi(Flags.java:32)
	at android.app.SystemServiceRegistry.<clinit>(SystemServiceRegistry.java:1902)
	at android.app.ContextImpl.<init>(ContextImpl.java:382)
	at android.app.ContextImpl.createSystemContext(ContextImpl.java:3457)
	at android.app.ActivityThread.getSystemContext(ActivityThread.java:3579)
	at android.app.ActivityThread.initializeSystemThread(ActivityThread.java:9813)
	at android.app.ActivityThread.attach(ActivityThread.java:9769)
	at android.app.ActivityThread.systemMain(ActivityThread.java:9828)
	at org.lsposed.lspd.Main.main(r8-map-id-ef69aa9584fd3639033f649d3a48cddbe781c8748ddd534fdc2454a8b2effb6c:411)
	at com.android.internal.os.RuntimeInit.nativeFinishInit(Native Method)
	at com.android.internal.os.RuntimeInit.main(RuntimeInit.java:394)
[ 2026-07-25T23:50:44.241        0:  2888:  2888 W/AconfigPackage  ] failed to map some package from com.android.rkpd.package.map: android.os.flagging.AconfigStorageReadException: ERROR_CANNOT_READ_STORAGE_FILE: Fail to mmap storage
[ 2026-07-25T23:50:44.241        0:  2888:  2888 E/AconfigPackage  ] mapStorageFile exception for /metadata/aconfig/boot/com.android.telephonycore.val
java.nio.file.NoSuchFileException: /metadata/aconfig/boot/com.android.telephonycore.val
	at sun.nio.fs.UnixFileSystemProvider.newFileChannel(UnixFileSystemProvider.java:183)
	at java.nio.channels.FileChannel.open(FileChannel.java:292)
	at java.nio.channels.FileChannel.open(FileChannel.java:345)
	at android.os.flagging.AconfigPackage.mapStorageFile(AconfigPackage.java:182)
	at android.os.flagging.AconfigPackage.<clinit>(AconfigPackage.java:91)
	at com.android.internal.hidden_from_bootclasspath.android.provider.flags.FeatureFlagsImpl.init(FeatureFlagsImpl.java:19)
	at com.android.internal.hidden_from_bootclasspath.android.provider.flags.FeatureFlagsImpl.newStoragePublicApi(FeatureFlagsImpl.java:63)
	at com.android.internal.hidden_from_bootclasspath.android.provider.flags.Flags.newStoragePublicApi(Flags.java:32)
	at android.app.SystemServiceRegistry.<clinit>(SystemServiceRegistry.java:1902)
	at android.app.ContextImpl.<init>(ContextImpl.java:382)
	at android.app.ContextImpl.createSystemContext(ContextImpl.java:3457)
	at android.app.ActivityThread.getSystemContext(ActivityThread.java:3579)
	at android.app.ActivityThread.initializeSystemThread(ActivityThread.java:9813)
	at android.app.ActivityThread.attach(ActivityThread.java:9769)
	at android.app.ActivityThread.systemMain(ActivityThread.java:9828)
	at org.lsposed.lspd.Main.main(r8-map-id-ef69aa9584fd3639033f649d3a48cddbe781c8748ddd534fdc2454a8b2effb6c:411)
	at com.android.internal.os.RuntimeInit.nativeFinishInit(Native Method)
	at com.android.internal.os.RuntimeInit.main(RuntimeInit.java:394)
[ 2026-07-25T23:50:44.241        0:  2888:  2888 W/AconfigPackage  ] failed to map some package from com.android.telephonycore.package.map: android.os.flagging.AconfigStorageReadException: ERROR_CANNOT_READ_STORAGE_FILE: Fail to mmap storage
[ 2026-07-25T23:50:44.241        0:  2888:  2888 E/AconfigPackage  ] mapStorageFile exception for /metadata/aconfig/boot/com.android.adbd.val
java.nio.file.NoSuchFileException: /metadata/aconfig/boot/com.android.adbd.val
	at sun.nio.fs.UnixFileSystemProvider.newFileChannel(UnixFileSystemProvider.java:183)
	at java.nio.channels.FileChannel.open(FileChannel.java:292)
	at java.nio.channels.FileChannel.open(FileChannel.java:345)
	at android.os.flagging.AconfigPackage.mapStorageFile(AconfigPackage.java:182)
	at android.os.flagging.AconfigPackage.<clinit>(AconfigPackage.java:91)
	at com.android.internal.hidden_from_bootclasspath.android.provider.flags.FeatureFlagsImpl.init(FeatureFlagsImpl.java:19)
	at com.android.internal.hidden_from_bootclasspath.android.provider.flags.FeatureFlagsImpl.newStoragePublicApi(FeatureFlagsImpl.java:63)
	at com.android.internal.hidden_from_bootclasspath.android.provider.flags.Flags.newStoragePublicApi(Flags.java:32)
	at android.app.SystemServiceRegistry.<clinit>(SystemServiceRegistry.java:1902)
	at android.app.ContextImpl.<init>(ContextImpl.java:382)
	at android.app.ContextImpl.createSystemContext(ContextImpl.java:3457)
	at android.app.ActivityThread.getSystemContext(ActivityThread.java:3579)
	at android.app.ActivityThread.initializeSystemThread(ActivityThread.java:9813)
	at android.app.ActivityThread.attach(ActivityThread.java:9769)
	at android.app.ActivityThread.systemMain(ActivityThread.java:9828)
	at org.lsposed.lspd.Main.main(r8-map-id-ef69aa9584fd3639033f649d3a48cddbe781c8748ddd534fdc2454a8b2effb6c:411)
	at com.android.internal.os.RuntimeInit.nativeFinishInit(Native Method)
	at com.android.internal.os.RuntimeInit.main(RuntimeInit.java:394)
[ 2026-07-25T23:50:44.241        0:  2888:  2888 W/AconfigPackage  ] failed to map some package from com.android.adbd.package.map: android.os.flagging.AconfigStorageReadException: ERROR_CANNOT_READ_STORAGE_FILE: Fail to mmap storage
[ 2026-07-25T23:50:44.241        0:  2888:  2888 E/AconfigPackage  ] mapStorageFile exception for /metadata/aconfig/boot/com.android.crashrecovery.val
java.nio.file.NoSuchFileException: /metadata/aconfig/boot/com.android.crashrecovery.val
	at sun.nio.fs.UnixFileSystemProvider.newFileChannel(UnixFileSystemProvider.java:183)
	at java.nio.channels.FileChannel.open(FileChannel.java:292)
	at java.nio.channels.FileChannel.open(FileChannel.java:345)
	at android.os.flagging.AconfigPackage.mapStorageFile(AconfigPackage.java:182)
	at android.os.flagging.AconfigPackage.<clinit>(AconfigPackage.java:91)
	at com.android.internal.hidden_from_bootclasspath.android.provider.flags.FeatureFlagsImpl.init(FeatureFlagsImpl.java:19)
	at com.android.internal.hidden_from_bootclasspath.android.provider.flags.FeatureFlagsImpl.newStoragePublicApi(FeatureFlagsImpl.java:63)
	at com.android.internal.hidden_from_bootclasspath.android.provider.flags.Flags.newStoragePublicApi(Flags.java:32)
	at android.app.SystemServiceRegistry.<clinit>(SystemServiceRegistry.java:1902)
	at android.app.ContextImpl.<init>(ContextImpl.java:382)
	at android.app.ContextImpl.createSystemContext(ContextImpl.java:3457)
	at android.app.ActivityThread.getSystemContext(ActivityThread.java:3579)
	at android.app.ActivityThread.initializeSystemThread(ActivityThread.java:9813)
	at android.app.ActivityThread.attach(ActivityThread.java:9769)
	at android.app.ActivityThread.systemMain(ActivityThread.java:9828)
	at org.lsposed.lspd.Main.main(r8-map-id-ef69aa9584fd3639033f649d3a48cddbe781c8748ddd534fdc2454a8b2effb6c:411)
	at com.android.internal.os.RuntimeInit.nativeFinishInit(Native Method)
	at com.android.internal.os.RuntimeInit.main(RuntimeInit.java:394)
[ 2026-07-25T23:50:44.241        0:  2888:  2888 W/AconfigPackage  ] failed to map some package from com.android.crashrecovery.package.map: android.os.flagging.AconfigStorageReadException: ERROR_CANNOT_READ_STORAGE_FILE: Fail to mmap storage
[ 2026-07-25T23:50:44.241        0:  2888:  2888 E/AconfigPackage  ] mapStorageFile exception for /metadata/aconfig/boot/com.android.nfcservices.val
java.nio.file.NoSuchFileException: /metadata/aconfig/boot/com.android.nfcservices.val
	at sun.nio.fs.UnixFileSystemProvider.newFileChannel(UnixFileSystemProvider.java:183)
	at java.nio.channels.FileChannel.open(FileChannel.java:292)
	at java.nio.channels.FileChannel.open(FileChannel.java:345)
	at android.os.flagging.AconfigPackage.mapStorageFile(AconfigPackage.java:182)
	at android.os.flagging.AconfigPackage.<clinit>(AconfigPackage.java:91)
	at com.android.internal.hidden_from_bootclasspath.android.provider.flags.FeatureFlagsImpl.init(FeatureFlagsImpl.java:19)
	at com.android.internal.hidden_from_bootclasspath.android.provider.flags.FeatureFlagsImpl.newStoragePublicApi(FeatureFlagsImpl.java:63)
	at com.android.internal.hidden_from_bootclasspath.android.provider.flags.Flags.newStoragePublicApi(Flags.java:32)
	at android.app.SystemServiceRegistry.<clinit>(SystemServiceRegistry.java:1902)
	at android.app.ContextImpl.<init>(ContextImpl.java:382)
	at android.app.ContextImpl.createSystemContext(ContextImpl.java:3457)
	at android.app.ActivityThread.getSystemContext(ActivityThread.java:3579)
	at android.app.ActivityThread.initializeSystemThread(ActivityThread.java:9813)
	at android.app.ActivityThread.attach(ActivityThread.java:9769)
	at android.app.ActivityThread.systemMain(ActivityThread.java:9828)
	at org.lsposed.lspd.Main.main(r8-map-id-ef69aa9584fd3639033f649d3a48cddbe781c8748ddd534fdc2454a8b2effb6c:411)
	at com.android.internal.os.RuntimeInit.nativeFinishInit(Native Method)
	at com.android.internal.os.RuntimeInit.main(RuntimeInit.java:394)
[ 2026-07-25T23:50:44.241        0:  2888:  2888 W/AconfigPackage  ] failed to map some package from com.android.nfcservices.package.map: android.os.flagging.AconfigStorageReadException: ERROR_CANNOT_READ_STORAGE_FILE: Fail to mmap storage
[ 2026-07-25T23:50:44.241        0:  2888:  2888 I/AconfigPackage  ] com.android.adservices.ondevicepersonalization.flags is mapped to com.android.ondevicepersonalization
[ 2026-07-25T23:50:44.242        0:  2888:  2888 D/FeatureParser   ] praser device feature in /product/etc/device_features/piano.xml
[ 2026-07-25T23:50:44.243        0:  2888:  2888 D/FeatureParser   ] praser device feature in /product/etc/removable_apk_info.xml
[ 2026-07-25T23:50:44.243        0:  2888:  2888 I/SystemServiceRegistry ] regMtkService start
[ 2026-07-25T23:50:44.243        0:  2888:  2888 W/System          ] ClassLoader referenced unknown path: system/framework/mediatek-framework.jar
[ 2026-07-25T23:50:44.244        0:  2888:  2888 E/SystemServiceRegistry ] regMtkService:java.lang.ClassNotFoundException: mediatek.app.MtkSystemServiceRegistry
[ 2026-07-25T23:50:44.244        0:  2888:  2888 I/SystemServiceRegistry ] setMtkSystemServiceName start
[ 2026-07-25T23:50:44.244        0:  2888:  2888 I/SystemServiceRegistry ] registerAllMtkService start
[ 2026-07-25T23:50:44.245        0:  2888:  2888 E/FeatureFlagsImplExport ] android.os.flagging.AconfigStorageReadException: ERROR_PACKAGE_NOT_FOUND: package android.xr cannot be found on the device
[ 2026-07-25T23:50:44.246        0:  2888:  2888 I/LSPosedService  ] service package is not started, wait 1s.
[ 2026-07-25T23:50:44.695        0:  1612:  1613 I/zn-daemon64     ] [zn-zygisk-loader64,0,1874,1874]mntbuf cleaned
[ 2026-07-25T23:50:44.697        0:  1612:  1799 I/zn-daemon64     ] nscleaner for zygote started
[ 2026-07-25T23:50:44.742        0:  1612:  1613 I/zn-daemon64     ] [zn-zygisk-loader64,0,1874,1874]preload zygisk modules
[ 2026-07-25T23:50:44.744        0:  1612:  1613 I/zn-daemon64     ] [zn-zygisk-loader64,0,1874,1874]loaded zygisk_lsposed at 0x305f349000
[ 2026-07-25T23:50:44.744        0:  1612:  1613 I/zn-daemon64     ] [zn-zygisk-loader64,0,1874,1874]preloaded 1/1 modules
[ 2026-07-25T23:50:44.744        0:  1612:  1613 I/zn-daemon64     ] [zn-zygisk-loader64,0,1874,1874]remap self anon
[ 2026-07-25T23:50:44.818        0:  1612:  1613 I/zn-daemon64     ] [zn-zygisk-loader64,0,1874,1874]remap self anon done
[ 2026-07-25T23:50:44.846        0:  1612:  1613 I/zn-daemon64     ] [zn-zygisk-loader64,0,3353,3353]cfi shadow addr 0x7064096000
[ 2026-07-25T23:50:44.851        0:  3361:  3361 I/zn-zygisk-companion64 ] spawning companion for zygisk_lsposed
[ 2026-07-25T23:50:44.851        0:  2888:  3173 I/LSPosedService  ] LSPSystemServerService: starting new bridge
[ 2026-07-25T23:50:45.216        0:  2888:  3186 I/lspd            ] AssetManager2(0xb400007be6ef6758) locale list changing from [] to [zh-CN]
[ 2026-07-25T23:50:45.247        0:  2888:  2888 I/LSPosedService  ] service package is not started, wait 1s.
[ 2026-07-25T23:50:46.247        0:  2888:  2888 I/LSPosedService  ] service package is not started, wait 1s.
[ 2026-07-25T23:50:47.247        0:  2888:  2888 I/LSPosedService  ] service activity is not started, wait 1s.
[ 2026-07-25T23:50:48.375        0:  2888:  2888 I/LSPosed         ] mount dex2oat /apex/com.android.art/bin/dex2oat64
[ 2026-07-25T23:50:48.375        0:  2888:  2888 I/LSPosed         ] mount dex2oat /apex/com.android.art/bin/dex2oat32
[ 2026-07-25T23:50:48.379        0:  2888:  2888 I/lspd            ] AssetManager2(0xb400007be6efce78) locale list changing from [] to [zh-CN]
[ 2026-07-25T23:50:48.384     1000:  3353:  3672 I/LSPosedBridge   ] system server context dispatched
[ 2026-07-25T23:50:48.384     1000:  3353:  3672 I/LSPosedBridge   ] binder received
[ 2026-07-25T23:50:48.384        0:  2888:  2888 I/LSPosedService  ] sent service to bridge
[ 2026-07-25T23:50:48.688        0:  2888:  3173 I/LSPosed         ] cleanup dex2oat wrapper in zygote 1874 ns
[ 2026-07-25T23:50:48.904        0:  4245:  4245 I/KernelSU        ] ksud::cli: command: Module { command: Config { internal: Some("tricky_store"), command: Set { key: "override.description", value: Some("⚡ 396 个应用 | 🔑 Yurikey | 🛡\u{fe0f} 2026-07-01 | 🔒 VBHash"), stdin: false, temp: false } } }
[ 2026-07-25T23:50:49.327        0:  2888:  3135 I/lspd            ] This is non sticky GC, maxfree is 33554432 minfree is 8388608
[ 2026-07-25T23:50:50.874        0:  2888:  3173 I/LSPosedService  ] manager is not installed
[ 2026-07-25T23:50:50.874        0:  2888:  3149 W/lspd            ] Long monitor contention with owner Thread-2 (3173) at void c3.b()(r8-map-id-ef69aa9584fd3639033f649d3a48cddbe781c8748ddd534fdc2454a8b2effb6c:51) waiters=0 in void c3.c() for 1.927s
[ 2026-07-25T23:50:50.875        0:  2888:  3149 I/LSPosedService  ] manager is not installed
[ 2026-07-25T23:50:50.875        0:  2888:  3149 W/lspd            ] PerfMonitor async binderTransact :  time=1929ms interface=android.app.IUidObserver code=2
[ 2026-07-25T23:50:51.600    10203:  4696:  4696 I/LSPosedFramework ] (com.android.systemui)[com.lidesheng.hyperlyric,HyperLyric,1258-19f99f8ddd0-2-1,0,1] [HookEntry] 模块加载完成，当前应用版本1934-6.5
[ 2026-07-25T23:50:51.804    10203:  4696:  4696 I/LSPosedFramework ] (com.android.systemui)[com.lidesheng.hyperlyric,HyperLyric,1258-19f99f8ddd0-2-2,0,1] [IslandExpandedMediaAmbientFlowHooker] 展开态媒体流光 Hook 已初始化: methods=9
[ 2026-07-25T23:50:51.832    10203:  4696:  4696 I/LSPosedFramework ] (com.android.systemui)[com.lidesheng.hyperlyric,HyperLyric,1258-19f99f8ddd0-2-3,0,1] [NotificationMediaAmbientFlowHooker] 通知中心媒体流光 Hook 已初始化: methods=6
[ 2026-07-25T23:50:51.852    10203:  4696:  4696 I/LSPosedFramework ] (com.android.systemui)[com.lidesheng.hyperlyric,HyperLyric,1258-19f99f8ddd0-2-4,0,1] [NotificationMediaCoverStyleHooker] 通知中心媒体封面 Hook 已初始化: methods=5
[ 2026-07-25T23:50:51.860    10203:  4696:  4696 I/LSPosedFramework ] (com.android.systemui)[com.lidesheng.hyperlyric,HyperLyric,1258-19f99f8ddd0-2-5,0,1] [HookEntry] 超级岛歌词模式: mode=0
[ 2026-07-25T23:50:51.906    10203:  4696:  4696 E/LSPosedFramework ] (com.android.systemui)[io.github.hyperisland,HyperIsland[UnlockAllFocusHook],1258-19f99f8ddd0-2-6,0,1] failed to hook canShowFocus — Didn't find class "miui.systemui.notification.NotificationSettingsManager" on path: DexPathList[[zip file "/system_ext/priv-app/MiuiSystemUI/MiuiSystemUI.apk"],nativeLibraryDirectories=[/system_ext/priv-app/MiuiSystemUI/lib/arm64, /system_ext/priv-app/MiuiSystemUI/MiuiSystemUI.apk!/lib/arm64-v8a, /system/lib64, /system_ext/lib64, /system_ext/app/miuisystem/miuisystem.apk!/lib/arm64-v8a, /system/lib64, /system_ext/lib64]]
[ 2026-07-25T23:50:51.907    10203:  4696:  4696 E/LSPosedFramework ] (com.android.systemui)[io.github.hyperisland,HyperIsland[UnlockAllFocusHook],1258-19f99f8ddd0-2-7,0,1] canCustomFocus not found (may be expected) — Didn't find class "miui.systemui.notification.NotificationSettingsManager" on path: DexPathList[[zip file "/system_ext/priv-app/MiuiSystemUI/MiuiSystemUI.apk"],nativeLibraryDirectories=[/system_ext/priv-app/MiuiSystemUI/lib/arm64, /system_ext/priv-app/MiuiSystemUI/MiuiSystemUI.apk!/lib/arm64-v8a, /system/lib64, /system_ext/lib64, /system_ext/app/miuisystem/miuisystem.apk!/lib/arm64-v8a, /system/lib64, /system_ext/lib64]]
[ 2026-07-25T23:50:52.044    10203:  4696:  4696 I/LSPosedFramework ] (com.android.systemui)[io.github.proify.lyricon.core,XposedBridge,1258-19f99f8ddd0-2-8,0,1] [Lyricon-Xposed] Hooking package: com.android.systemui (Process: com.android.systemui)
[ 2026-07-25T23:50:53.557    10203:  4696:  4696 I/LSPosedFramework ] (com.android.systemui)[com.lidesheng.hyperlyric,HyperLyric,1258-19f99f8ddd0-2-9,0,1] [SourceManager] 启动歌词源: Lyricon
[ 2026-07-25T23:50:53.566    10203:  4696:  4696 I/LSPosedFramework ] (com.android.systemui)[com.lidesheng.hyperlyric,HyperLyric,1258-19f99f8ddd0-2-a,0,1] [LyriconSource] 数据源已启动
[ 2026-07-25T23:50:53.566    10203:  4696:  4696 I/LSPosedFramework ] (com.android.systemui)[com.lidesheng.hyperlyric,HyperLyric,1258-19f99f8ddd0-2-b,0,1] [HookEntry] 系统环境初始化完成: enabled=true, source=Lyricon, mode=0
[ 2026-07-25T23:50:53.583    10203:  4696:  4696 W/LSPosedFramework ] (com.android.systemui)[io.github.hyperisland,HyperIsland[BluetoothIsland],1258-19f99f8ddd0-2-c,0,1] bluetooth receiver registered, enabled=true
[ 2026-07-25T23:50:53.590    10203:  4696:  4696 I/LSPosedFramework ] (com.android.systemui)[io.github.proify.lyricon.core,XposedBridge,1258-19f99f8ddd0-2-d,0,1] [Lyricon-Xposed] Lyricon BridgeCentral initialized successfully.
[ 2026-07-25T23:50:53.771    10167:  5667:  5667 E/LSPosedFramework ] (com.miui.misound)[com.sevtinge.hyperceiler,HyperCeiler,1623-19f99f8e649-2-1,0,1] [com.miui.misound][IncreaseSamplingRate]: hook com.miui.misound.mihearingassist.h.a failed by 
java.lang.ClassNotFoundException: com.miui.misound.mihearingassist.h
	at java.lang.Class.classForName(Native Method)
	at java.lang.Class.forName(Class.java:597)
	at io.github.kyuubiran.ezxhelper.core.util.ClassUtil.loadClass(Unknown Source:7)
	at io.github.kyuubiran.ezxhelper.core.util.ClassUtil.loadClass$default(Unknown Source:5)
	at com.sevtinge.hyperceiler.libhook.rules.misound.IncreaseSamplingRate.init(Unknown Source:89)
	at a5.initHook(Unknown Source:9)
	at a5.initHook(SourceFile:81)
	at com.sevtinge.hyperceiler.libhook.app.MiSound.onPackageLoaded(Unknown Source:37)
	at a5.a(Unknown Source:26)
	at a5.onLoad(SourceFile:74)
	at ip0.accept(Unknown Source:460)
	at java.util.HashMap.forEach(HashMap.java:1432)
	at jp0.b(Unknown Source:2144)
	at jp0.onPackageReady(Unknown Source:50)
	at t0.callOnPackageReady(r8-map-id-641cd0d9f3f2136e302270e7ebfbbc1eaeb97195335bb6679d8c71628db6c7ea:43)
	at t.intercept(r8-map-id-641cd0d9f3f2136e302270e7ebfbbc1eaeb97195335bb6679d8c71628db6c7ea:147)
	at k.proceed(r8-map-id-641cd0d9f3f2136e302270e7ebfbbc1eaeb97195335bb6679d8c71628db6c7ea:33)
	at android.hardware.GaingGraentushWaindt.createOrUpdateClassLoaderLocked(GaingGraentushWaindt.java)
	at android.app.LoadedApk.getClassLoader(LoadedApk.java:1221)
	at android.app.LoadedApk.getResources(LoadedApk.java:1480)
	at android.app.ContextImpl.createAppContext(ContextImpl.java:3509)
	at android.app.ContextImpl.createAppContext(ContextImpl.java:3500)
	at android.app.ActivityThread.handleBindApplication(ActivityThread.java:8535)
	at android.app.ActivityThread.-$$Nest$mhandleBindApplication(Unknown Source:0)
	at android.app.ActivityThread$H.handleMessage(ActivityThread.java:2826)
	at android.os.Handler.dispatchMessage(Handler.java:114)
	at android.os.Looper.loopOnce(Looper.java:274)
	at android.os.Looper.loop(Looper.java:369)
	at android.app.ActivityThread.main(ActivityThread.java:10089)
	at java.lang.reflect.Method.invoke(Native Method)
	at com.android.internal.os.RuntimeInit$MethodAndArgsCaller.run(RuntimeInit.java:616)
	at com.android.internal.os.ZygoteInit.main(ZygoteInit.java:1137)
Caused by: java.lang.ClassNotFoundException: com.miui.misound.mihearingassist.h
	... 32 more
[ 2026-07-25T23:50:53.771    10167:  5667:  5667 E/LSPosedFramework ] (com.miui.misound)[com.sevtinge.hyperceiler,HyperCeiler,1623-19f99f8e649-2-2,0,1] [com.miui.misound][IncreaseSamplingRate]: hook com.miui.misound.mihearingassist.h.b failed by 
java.lang.ClassNotFoundException: com.miui.misound.mihearingassist.h
	at java.lang.Class.classForName(Native Method)
	at java.lang.Class.forName(Class.java:597)
	at io.github.kyuubiran.ezxhelper.core.util.ClassUtil.loadClass(Unknown Source:7)
	at io.github.kyuubiran.ezxhelper.core.util.ClassUtil.loadClass$default(Unknown Source:5)
	at com.sevtinge.hyperceiler.libhook.rules.misound.IncreaseSamplingRate.init(Unknown Source:163)
	at a5.initHook(Unknown Source:9)
	at a5.initHook(SourceFile:81)
	at com.sevtinge.hyperceiler.libhook.app.MiSound.onPackageLoaded(Unknown Source:37)
	at a5.a(Unknown Source:26)
	at a5.onLoad(SourceFile:74)
	at ip0.accept(Unknown Source:460)
	at java.util.HashMap.forEach(HashMap.java:1432)
	at jp0.b(Unknown Source:2144)
	at jp0.onPackageReady(Unknown Source:50)
	at t0.callOnPackageReady(r8-map-id-641cd0d9f3f2136e302270e7ebfbbc1eaeb97195335bb6679d8c71628db6c7ea:43)
	at t.intercept(r8-map-id-641cd0d9f3f2136e302270e7ebfbbc1eaeb97195335bb6679d8c71628db6c7ea:147)
	at k.proceed(r8-map-id-641cd0d9f3f2136e302270e7ebfbbc1eaeb97195335bb6679d8c71628db6c7ea:33)
	at android.hardware.GaingGraentushWaindt.createOrUpdateClassLoaderLocked(GaingGraentushWaindt.java)
	at android.app.LoadedApk.getClassLoader(LoadedApk.java:1221)
	at android.app.LoadedApk.getResources(LoadedApk.java:1480)
	at android.app.ContextImpl.createAppContext(ContextImpl.java:3509)
	at android.app.ContextImpl.createAppContext(ContextImpl.java:3500)
	at android.app.ActivityThread.handleBindApplication(ActivityThread.java:8535)
	at android.app.ActivityThread.-$$Nest$mhandleBindApplication(Unknown Source:0)
	at android.app.ActivityThread$H.handleMessage(ActivityThread.java:2826)
	at android.os.Handler.dispatchMessage(Handler.java:114)
	at android.os.Looper.loopOnce(Looper.java:274)
	at android.os.Looper.loop(Looper.java:369)
	at android.app.ActivityThread.main(ActivityThread.java:10089)
	at java.lang.reflect.Method.invoke(Native Method)
	at com.android.internal.os.RuntimeInit$MethodAndArgsCaller.run(RuntimeInit.java:616)
	at com.android.internal.os.ZygoteInit.main(ZygoteInit.java:1137)
Caused by: java.lang.ClassNotFoundException: com.miui.misound.mihearingassist.h
	... 32 more
[ 2026-07-25T23:50:53.777    10167:  5667:  5667 E/LSPosedFramework ] (com.miui.misound)[com.sevtinge.hyperceiler,HyperCeiler,1623-19f99f8e649-2-3,0,1] [com.miui.misound][IncreaseSamplingRate]: hook com.miui.misound.mihearingassist.h.b failed by 
java.lang.ClassNotFoundException: com.miui.misound.mihearingassist.h
	at java.lang.Class.classForName(Native Method)
	at java.lang.Class.forName(Class.java:597)
	at io.github.kyuubiran.ezxhelper.core.util.ClassUtil.loadClass(Unknown Source:7)
	at io.github.kyuubiran.ezxhelper.core.util.ClassUtil.loadClass$default(Unknown Source:5)
	at com.sevtinge.hyperceiler.libhook.rules.misound.IncreaseSamplingRate.init(Unknown Source:485)
	at a5.initHook(Unknown Source:9)
	at a5.initHook(SourceFile:81)
	at com.sevtinge.hyperceiler.libhook.app.MiSound.onPackageLoaded(Unknown Source:37)
	at a5.a(Unknown Source:26)
	at a5.onLoad(SourceFile:74)
	at ip0.accept(Unknown Source:460)
	at java.util.HashMap.forEach(HashMap.java:1432)
	at jp0.b(Unknown Source:2144)
	at jp0.onPackageReady(Unknown Source:50)
	at t0.callOnPackageReady(r8-map-id-641cd0d9f3f2136e302270e7ebfbbc1eaeb97195335bb6679d8c71628db6c7ea:43)
	at t.intercept(r8-map-id-641cd0d9f3f2136e302270e7ebfbbc1eaeb97195335bb6679d8c71628db6c7ea:147)
	at k.proceed(r8-map-id-641cd0d9f3f2136e302270e7ebfbbc1eaeb97195335bb6679d8c71628db6c7ea:33)
	at android.hardware.GaingGraentushWaindt.createOrUpdateClassLoaderLocked(GaingGraentushWaindt.java)
	at android.app.LoadedApk.getClassLoader(LoadedApk.java:1221)
	at android.app.LoadedApk.getResources(LoadedApk.java:1480)
	at android.app.ContextImpl.createAppContext(ContextImpl.java:3509)
	at android.app.ContextImpl.createAppContext(ContextImpl.java:3500)
	at android.app.ActivityThread.handleBindApplication(ActivityThread.java:8535)
	at android.app.ActivityThread.-$$Nest$mhandleBindApplication(Unknown Source:0)
	at android.app.ActivityThread$H.handleMessage(ActivityThread.java:2826)
	at android.os.Handler.dispatchMessage(Handler.java:114)
	at android.os.Looper.loopOnce(Looper.java:274)
	at android.os.Looper.loop(Looper.java:369)
	at android.app.ActivityThread.main(ActivityThread.java:10089)
	at java.lang.reflect.Method.invoke(Native Method)
	at com.android.internal.os.RuntimeInit$MethodAndArgsCaller.run(RuntimeInit.java:616)
	at com.android.internal.os.ZygoteInit.main(ZygoteInit.java:1137)
Caused by: java.lang.ClassNotFoundException: com.miui.misound.mihearingassist.h
	... 32 more
[ 2026-07-25T23:50:54.040     1000:  5725:  5725 I/LSPosedFramework ] (miui.systemui.plugin:flashlight)[com.lidesheng.hyperlyric,HyperLyric,165d-19f99f8e757-2-1,0,1] [HookEntry] 模块加载完成，当前应用版本1934-6.5
[ 2026-07-25T23:50:54.741    10203:  4696:  4696 I/LSPosedFramework ] (com.android.systemui)[com.lidesheng.hyperlyric,HyperLyric,1258-19f99f8ddd0-2-e,0,1] [HookIslandGlow] 媒体岛光效 Hook 已初始化: method=updateTemplate
[ 2026-07-25T23:50:54.749    10203:  4696:  4696 I/LSPosedFramework ] (com.android.systemui)[com.lidesheng.hyperlyric,HyperLyric,1258-19f99f8ddd0-2-f,0,1] [IslandProgressGlowHooker] 边缘光效进度条 Hook 已初始化
[ 2026-07-25T23:50:54.766    10203:  4696:  4696 I/LSPosedFramework ] (com.android.systemui)[com.lidesheng.hyperlyric,HyperLyric,1258-19f99f8ddd0-2-10,0,1] [IslandMusicWaveColorHooker] 音频律动封面色 Hook 已初始化
[ 2026-07-25T23:50:54.774    10203:  4696:  4696 I/LSPosedFramework ] (com.android.systemui)[com.lidesheng.hyperlyric,HyperLyric,1258-19f99f8ddd0-2-11,0,1] [IslandAlbumCoverStyleHooker] 超级岛封面样式 Hook 已初始化
[ 2026-07-25T23:50:54.774    10203:  4696:  4696 I/LSPosedFramework ] (com.android.systemui)[com.lidesheng.hyperlyric,HyperLyric,1258-19f99f8ddd0-2-12,0,1] [SystemUIHookRegistry] 超级岛 Hook 已初始化
[ 2026-07-25T23:50:54.893    10203:  4696:  4696 W/LSPosedFramework ] (com.android.systemui)[io.github.hyperisland,HyperIsland[BluetoothIsland],1258-19f99f8ddd0-2-13,0,1] received bluetooth broadcast: action=android.bluetooth.device.action.BATTERY_LEVEL_CHANGED enabled=true showDeviceName=true stored=false
[ 2026-07-25T23:50:54.894    10203:  4696:  4696 W/LSPosedFramework ] (com.android.systemui)[io.github.hyperisland,HyperIsland[BluetoothIsland],1258-19f99f8ddd0-2-14,0,1] resolve bluetooth device name: resolved=Xiaomi Focus Pen fromDevice=Xiaomi Focus Pen fromCache=null address=70:61:EE:B4:CD:04
[ 2026-07-25T23:50:54.894    10203:  4696:  4696 W/LSPosedFramework ] (com.android.systemui)[io.github.hyperisland,HyperIsland[BluetoothIsland],1258-19f99f8ddd0-2-15,0,1] bluetooth battery broadcast: battery=96 key=70:61:EE:B4:CD:04 deviceName=Xiaomi Focus Pen pendingNameRefresh=false
[ 2026-07-25T23:50:54.894    10203:  4696:  4696 W/LSPosedFramework ] (com.android.systemui)[io.github.hyperisland,HyperIsland[BluetoothIsland],1258-19f99f8ddd0-2-16,0,1] skip bluetooth battery update: connected=false battery=96 key=70:61:EE:B4:CD:04
[ 2026-07-25T23:50:55.774    10271:  5888:  5888 E/LSPosedFramework ] (com.miui.weather2)[com.sevtinge.hyperceiler,HyperCeiler,1700-19f99f8ee1e-2-1,0,1] [SetDeviceLevel]: class is null
[ 2026-07-25T23:50:58.981    10203:  4696:  4696 I/LSPosedFramework ] (com.android.systemui)[com.lidesheng.hyperlyric,HyperLyric,1258-19f99f8ddd0-2-17,0,1] [LyriconSource] 订阅连接已建立
[ 2026-07-25T23:50:58.982    10203:  4696:  4696 W/LSPosedFramework ] (com.android.systemui)[io.github.hyperisland,HyperIsland[BluetoothIsland],1258-19f99f8ddd0-2-18,0,1] received bluetooth broadcast: action=android.bluetooth.device.action.BATTERY_LEVEL_CHANGED enabled=true showDeviceName=true stored=false
[ 2026-07-25T23:50:58.982    10203:  4696:  4696 W/LSPosedFramework ] (com.android.systemui)[io.github.hyperisland,HyperIsland[BluetoothIsland],1258-19f99f8ddd0-2-19,0,1] resolve bluetooth device name: resolved=Xiaomi Focus Pen fromDevice=Xiaomi Focus Pen fromCache=null address=70:61:EE:B4:CD:04
[ 2026-07-25T23:50:58.982    10203:  4696:  4696 W/LSPosedFramework ] (com.android.systemui)[io.github.hyperisland,HyperIsland[BluetoothIsland],1258-19f99f8ddd0-2-1a,0,1] bluetooth battery broadcast: battery=98 key=70:61:EE:B4:CD:04 deviceName=Xiaomi Focus Pen pendingNameRefresh=false
[ 2026-07-25T23:50:58.982    10203:  4696:  4696 W/LSPosedFramework ] (com.android.systemui)[io.github.hyperisland,HyperIsland[BluetoothIsland],1258-19f99f8ddd0-2-1b,0,1] skip bluetooth battery update: connected=false battery=98 key=70:61:EE:B4:CD:04
[ 2026-07-25T23:50:58.984    10203:  4696:  4696 W/LSPosedFramework ] (com.android.systemui)[io.github.hyperisland,HyperIsland[BluetoothIsland],1258-19f99f8ddd0-2-1c,0,1] received bluetooth broadcast: action=android.bluetooth.device.action.BATTERY_LEVEL_CHANGED enabled=true showDeviceName=true stored=false
[ 2026-07-25T23:50:58.985    10203:  4696:  4696 W/LSPosedFramework ] (com.android.systemui)[io.github.hyperisland,HyperIsland[BluetoothIsland],1258-19f99f8ddd0-2-1d,0,1] resolve bluetooth device name: resolved=Xiaomi Focus Pen fromDevice=Xiaomi Focus Pen fromCache=null address=70:61:EE:B4:CD:04
[ 2026-07-25T23:50:58.985    10203:  4696:  4696 W/LSPosedFramework ] (com.android.systemui)[io.github.hyperisland,HyperIsland[BluetoothIsland],1258-19f99f8ddd0-2-1e,0,1] bluetooth battery broadcast: battery=100 key=70:61:EE:B4:CD:04 deviceName=Xiaomi Focus Pen pendingNameRefresh=false
[ 2026-07-25T23:50:58.985    10203:  4696:  4696 W/LSPosedFramework ] (com.android.systemui)[io.github.hyperisland,HyperIsland[BluetoothIsland],1258-19f99f8ddd0-2-1f,0,1] skip bluetooth battery update: connected=false battery=100 key=70:61:EE:B4:CD:04
[ 2026-07-25T23:50:59.201        0:  6115:  6115 I/KernelSU        ] ksud::cli: command: BootCompleted
[ 2026-07-25T23:50:59.238        0:  6115:  6115 I/KernelSU        ] ksud::init_event: on_boot_completed triggered!
[ 2026-07-25T23:50:59.238        0:  6115:  6115 I/KernelSU        ] ksud::utils: safemode: false
[ 2026-07-25T23:50:59.238        0:  6115:  6115 I/KernelSU        ] ksud::utils: kernel_safemode: false
[ 2026-07-25T23:50:59.238        0:  6115:  6115 I/KernelSU        ] ksud::module: /data/adb/boot-completed.d not exists, skip
[ 2026-07-25T23:50:59.238        0:  6115:  6115 I/KernelSU        ] ksud::metamodule: Found metamodule in modules directory: /data/adb/modules/hybrid_mount
[ 2026-07-25T23:50:59.240        0:  6115:  6115 I/KernelSU        ] ksud::metamodule: Found metamodule in modules directory: /data/adb/modules/hybrid_mount
[ 2026-07-25T23:50:59.243        0:  6115:  6115 I/KernelSU        ] ksud::module: /data/adb/modules/AudioLatencyOptN is disabled, skip
[ 2026-07-25T23:50:59.401        0:  2888:  3135 I/lspd            ] This is sticky GC, maxfree is 33554432 minfree is 8388608
[ 2026-07-25T23:50:59.402        0:  2888:  3135 I/lspd            ] Background young concurrent copying GC freed 15MB AllocSpace bytes, 51(7804KB) LOS objects, 0% free, 30MB/30MB, paused 5.447ms,22us total 144.704ms
[ 2026-07-25T23:50:59.743        0:  2888:  3135 I/lspd            ] This is non sticky GC, maxfree is 33554432 minfree is 8388608
[ 2026-07-25T23:50:59.744        0:  2888:  3135 I/lspd            ] Background concurrent copying GC freed 19MB AllocSpace bytes, 163(18MB) LOS objects, 60% free, 62MB/158MB, paused 3.865ms,25us total 322.784ms
[ 2026-07-25T23:51:00.181     1000:  6451:  6451 I/LSPosedFramework ] (com.miui.securitycenter.bootaware)[com.example.miuilight,XposedBridge,1933-19f99f8ff55-2-1,0,1] MiuiLightHook: loaded in com.miui.securitycenter
[ 2026-07-25T23:51:00.182     1000:  6451:  6451 I/LSPosedFramework ] (com.miui.securitycenter.bootaware)[com.example.miuilight,XposedBridge,1933-19f99f8ff55-2-2,0,1] MiuiLightHook: hook p052d9.a FAILED: yI.xev.QWxoYrjpo.vLGyl.XposedHelpers$ClassNotFoundError: java.lang.ClassNotFoundException: p052d9$a
[ 2026-07-25T23:51:00.183     1000:  6451:  6451 I/LSPosedFramework ] (com.miui.securitycenter.bootaware)[com.example.miuilight,XposedBridge,1933-19f99f8ff55-2-3,0,1] MiuiLightHook: hooked ILightsManager$Stub$Proxy#setColorfulLight
[ 2026-07-25T23:51:12.050    10288:  8173:  8173 I/LSPosedFramework ] (com.netease.cloudmusic)[io.github.proify.lyricon.cmprovider,XposedBridge,1fed-19f99f92db1-2-1,0,1] [CloudMusicProvider][D][com.netease.cloudmusic] Hooking com.netease.cloudmusic
[ 2026-07-25T23:51:12.062    10288:  8173:  8173 I/LSPosedFramework ] (com.netease.cloudmusic)[io.github.proify.lyricon.cmprovider,XposedBridge,1fed-19f99f92db1-2-2,0,1] [CloudMusicProvider][D][com.netease.cloudmusic] Hooking, processName= com.netease.cloudmusic
[ 2026-07-25T23:51:12.674     1000:  8221:  8221 I/LSPosedFramework ] (com.miui.securitycenter.remote)[com.example.miuilight,XposedBridge,201d-19f99f93013-2-1,0,1] MiuiLightHook: loaded in com.miui.securitycenter
[ 2026-07-25T23:51:12.686     1000:  8221:  8221 I/LSPosedFramework ] (com.miui.securitycenter.remote)[com.example.miuilight,XposedBridge,201d-19f99f93013-2-2,0,1] MiuiLightHook: hook p052d9.a FAILED: yI.xev.QWxoYrjpo.vLGyl.XposedHelpers$ClassNotFoundError: java.lang.ClassNotFoundException: p052d9$a
[ 2026-07-25T23:51:12.688     1000:  8221:  8221 I/LSPosedFramework ] (com.miui.securitycenter.remote)[com.example.miuilight,XposedBridge,201d-19f99f93013-2-3,0,1] MiuiLightHook: hooked ILightsManager$Stub$Proxy#setColorfulLight
[ 2026-07-25T23:51:14.589    10288:  8173:  8173 I/LSPosedFramework ] (com.netease.cloudmusic)[io.github.proify.lyricon.cmprovider,XposedBridge,1fed-19f99f92db1-2-3,0,1] [CloudMusicProvider][D][com.netease.cloudmusic] PreferencesMonitor initialization completed in 420ms
[ 2026-07-25T23:51:18.242     1000: 10853: 10853 I/LSPosedFramework ] (com.miui.securitycenter)[com.example.miuilight,XposedBridge,2a65-19f99f945e2-2-1,0,1] MiuiLightHook: loaded in com.miui.securitycenter
[ 2026-07-25T23:51:18.243     1000: 10853: 10853 I/LSPosedFramework ] (com.miui.securitycenter)[com.example.miuilight,XposedBridge,2a65-19f99f945e2-2-2,0,1] MiuiLightHook: hook p052d9.a FAILED: yI.xev.QWxoYrjpo.vLGyl.XposedHelpers$ClassNotFoundError: java.lang.ClassNotFoundException: p052d9$a
[ 2026-07-25T23:51:18.250     1000: 10853: 10853 I/LSPosedFramework ] (com.miui.securitycenter)[com.example.miuilight,XposedBridge,2a65-19f99f945e2-2-3,0,1] MiuiLightHook: hooked ILightsManager$Stub$Proxy#setColorfulLight
[ 2026-07-25T23:51:18.311    10288:  8173:  8173 I/LSPosedFramework ] (com.netease.cloudmusic)[io.github.proify.lyricon.cmprovider,XposedBridge,1fed-19f99f92db1-2-4,0,1] [CloudMusicProvider][I][com.netease.cloudmusic] Provider registered
[ 2026-07-25T23:51:20.696    10288:  8173: 12284 I/LSPosedFramework ] (com.netease.cloudmusic)[io.github.proify.lyricon.cmprovider,XposedBridge,1fed-19f99f92db1-114-5,0,1] [CloudMusicProvider][D][com.netease.cloudmusic] Load lyric file: localCache, file=/storage/emulated/0/Android/data/com.netease.cloudmusic/files/LyriconDownload/489970714
[ 2026-07-25T23:51:22.992    10323: 13689: 13689 I/LSPosedFramework ] (com.example.miuilight)[framework,Hookers,3579-19f99f9586f-2-1,0,1] New modules detected, hook preferences: pkg=com.example.miuilight, prc=com.example.miuilight
[ 2026-07-25T23:51:26.961     1000: 15224: 15224 I/LSPosedFramework ] (miui.systemui.plugin:flashlight)[com.lidesheng.hyperlyric,HyperLyric,3b78-19f99f967f1-2-1,0,1] [HookEntry] 模块加载完成，当前应用版本1934-6.5
[ 2026-07-25T23:51:43.227     1000: 16082: 16082 I/LSPosedFramework ] (miui.systemui.plugin:flashlight)[com.lidesheng.hyperlyric,HyperLyric,3ed2-19f99f9a77a-2-1,0,1] [HookEntry] 模块加载完成，当前应用版本1934-6.5
[ 2026-07-25T23:51:47.721     1000: 16866: 16866 I/LSPosedFramework ] (miui.systemui.plugin:flashlight)[com.lidesheng.hyperlyric,HyperLyric,41e2-19f99f9b909-2-1,0,1] [HookEntry] 模块加载完成，当前应用版本1934-6.5
[ 2026-07-25T23:56:51.017    10203:  4696:  4696 W/LSPosedFramework ] (com.android.systemui)[io.github.hyperisland,HyperIsland[BluetoothIsland],1258-19f99f8ddd0-2-20,0,1] received bluetooth broadcast: action=android.bluetooth.device.action.BATTERY_LEVEL_CHANGED enabled=true showDeviceName=true stored=false
[ 2026-07-25T23:56:51.019    10203:  4696:  4696 W/LSPosedFramework ] (com.android.systemui)[io.github.hyperisland,HyperIsland[BluetoothIsland],1258-19f99f8ddd0-2-21,0,1] resolve bluetooth device name: resolved=Xiaomi Focus Pen fromDevice=Xiaomi Focus Pen fromCache=null address=70:61:EE:B4:CD:04
[ 2026-07-25T23:56:51.020    10203:  4696:  4696 W/LSPosedFramework ] (com.android.systemui)[io.github.hyperisland,HyperIsland[BluetoothIsland],1258-19f99f8ddd0-2-22,0,1] bluetooth battery broadcast: battery=99 key=70:61:EE:B4:CD:04 deviceName=Xiaomi Focus Pen pendingNameRefresh=false
[ 2026-07-25T23:56:51.021    10203:  4696:  4696 W/LSPosedFramework ] (com.android.systemui)[io.github.hyperisland,HyperIsland[BluetoothIsland],1258-19f99f8ddd0-2-23,0,1] skip bluetooth battery update: connected=false battery=99 key=70:61:EE:B4:CD:04
[ 2026-07-26T00:09:10.984    10203:  4696:  4696 W/LSPosedFramework ] (com.android.systemui)[io.github.hyperisland,HyperIsland[BluetoothIsland],1258-19f99f8ddd0-2-24,0,1] received bluetooth broadcast: action=android.bluetooth.device.action.BATTERY_LEVEL_CHANGED enabled=true showDeviceName=true stored=false
[ 2026-07-26T00:09:10.986    10203:  4696:  4696 W/LSPosedFramework ] (com.android.systemui)[io.github.hyperisland,HyperIsland[BluetoothIsland],1258-19f99f8ddd0-2-25,0,1] resolve bluetooth device name: resolved=Xiaomi Focus Pen fromDevice=Xiaomi Focus Pen fromCache=null address=70:61:EE:B4:CD:04
[ 2026-07-26T00:09:10.987    10203:  4696:  4696 W/LSPosedFramework ] (com.android.systemui)[io.github.hyperisland,HyperIsland[BluetoothIsland],1258-19f99f8ddd0-2-26,0,1] bluetooth battery broadcast: battery=98 key=70:61:EE:B4:CD:04 deviceName=Xiaomi Focus Pen pendingNameRefresh=false
[ 2026-07-26T00:09:10.987    10203:  4696:  4696 W/LSPosedFramework ] (com.android.systemui)[io.github.hyperisland,HyperIsland[BluetoothIsland],1258-19f99f8ddd0-2-27,0,1] skip bluetooth battery update: connected=false battery=98 key=70:61:EE:B4:CD:04
[ 2026-07-26T00:26:19.444     1000: 24680: 24680 I/LSPosedFramework ] (com.miui.securitycenter)[com.example.miuilight,XposedBridge,6068-19f9a1955b4-2-1,0,1] MiuiLightHook: loaded in com.miui.securitycenter
[ 2026-07-26T00:26:19.444     1000: 24680: 24680 I/LSPosedFramework ] (com.miui.securitycenter)[com.example.miuilight,XposedBridge,6068-19f9a1955b4-2-2,0,1] MiuiLightHook: hook p052d9.a FAILED: yI.xev.QWxoYrjpo.vLGyl.XposedHelpers$ClassNotFoundError: java.lang.ClassNotFoundException: p052d9$a
[ 2026-07-26T00:26:19.445     1000: 24680: 24680 I/LSPosedFramework ] (com.miui.securitycenter)[com.example.miuilight,XposedBridge,6068-19f9a1955b4-2-3,0,1] MiuiLightHook: hooked ILightsManager$Stub$Proxy#setColorfulLight
[ 2026-07-26T00:26:21.680        0:  2888:  3173 W/lspd            ] Long monitor contention with owner pool-1-thread-1 (4065) at void c3.b()(r8-map-id-ef69aa9584fd3639033f649d3a48cddbe781c8748ddd534fdc2454a8b2effb6c:51) waiters=0 in void c3.m() for 1.894s
[ 2026-07-26T00:26:23.881     2000: 25151: 25151 I/LSPosedFramework ] (com.android.shell)[framework,Main,623f-19f9a196709-2-1,0,1] Loaded manager, skipping next steps
[ 2026-07-26T00:26:23.925     2000: 25151: 25151 I/LSPosedManager  ] OkHttp cache size: 500MiB at /data/user/0/com.android.shell/cache/http_cache
[ 2026-07-26T00:31:34.401    10203:  4696:  4696 W/LSPosedFramework ] (com.android.systemui)[io.github.hyperisland,HyperIsland[BluetoothIsland],1258-19f99f8ddd0-2-28,0,1] received bluetooth broadcast: action=android.bluetooth.device.action.BATTERY_LEVEL_CHANGED enabled=true showDeviceName=true stored=false
[ 2026-07-26T00:31:34.401    10203:  4696:  4696 W/LSPosedFramework ] (com.android.systemui)[io.github.hyperisland,HyperIsland[BluetoothIsland],1258-19f99f8ddd0-2-29,0,1] resolve bluetooth device name: resolved=70:61:EE:B4:CD:04 fromDevice=null fromCache=null address=70:61:EE:B4:CD:04
[ 2026-07-26T00:31:34.402    10203:  4696:  4696 W/LSPosedFramework ] (com.android.systemui)[io.github.hyperisland,HyperIsland[BluetoothIsland],1258-19f99f8ddd0-2-2a,0,1] bluetooth battery broadcast: battery=-1 key=70:61:EE:B4:CD:04 deviceName=70:61:EE:B4:CD:04 pendingNameRefresh=false
[ 2026-07-26T00:31:34.402    10203:  4696:  4696 W/LSPosedFramework ] (com.android.systemui)[io.github.hyperisland,HyperIsland[BluetoothIsland],1258-19f99f8ddd0-2-2b,0,1] skip bluetooth battery update: connected=false battery=-1 key=70:61:EE:B4:CD:04
[ 2026-07-26T00:31:34.722    10167: 26602: 26602 E/LSPosedFramework ] (com.miui.misound)[com.sevtinge.hyperceiler,HyperCeiler,67ea-19f9a1e2542-2-1,0,1] [com.miui.misound][IncreaseSamplingRate]: hook com.miui.misound.mihearingassist.h.a failed by 
java.lang.ClassNotFoundException: com.miui.misound.mihearingassist.h
	at java.lang.Class.classForName(Native Method)
	at java.lang.Class.forName(Class.java:597)
	at io.github.kyuubiran.ezxhelper.core.util.ClassUtil.loadClass(Unknown Source:7)
	at io.github.kyuubiran.ezxhelper.core.util.ClassUtil.loadClass$default(Unknown Source:5)
	at com.sevtinge.hyperceiler.libhook.rules.misound.IncreaseSamplingRate.init(Unknown Source:89)
	at a5.initHook(Unknown Source:9)
	at a5.initHook(SourceFile:81)
	at com.sevtinge.hyperceiler.libhook.app.MiSound.onPackageLoaded(Unknown Source:37)
	at a5.a(Unknown Source:26)
	at a5.onLoad(SourceFile:74)
	at ip0.accept(Unknown Source:460)
	at java.util.HashMap.forEach(HashMap.java:1432)
	at jp0.b(Unknown Source:2144)
	at jp0.onPackageReady(Unknown Source:50)
	at t0.callOnPackageReady(r8-map-id-641cd0d9f3f2136e302270e7ebfbbc1eaeb97195335bb6679d8c71628db6c7ea:43)
	at t.intercept(r8-map-id-641cd0d9f3f2136e302270e7ebfbbc1eaeb97195335bb6679d8c71628db6c7ea:147)
	at k.proceed(r8-map-id-641cd0d9f3f2136e302270e7ebfbbc1eaeb97195335bb6679d8c71628db6c7ea:33)
	at android.location.TrourseempPloork.createOrUpdateClassLoaderLocked(TrourseempPloork.java)
	at android.app.LoadedApk.getClassLoader(LoadedApk.java:1221)
	at android.app.LoadedApk.getResources(LoadedApk.java:1480)
	at android.app.ContextImpl.createAppContext(ContextImpl.java:3509)
	at android.app.ContextImpl.createAppContext(ContextImpl.java:3500)
	at android.app.ActivityThread.handleBindApplication(ActivityThread.java:8535)
	at android.app.ActivityThread.-$$Nest$mhandleBindApplication(Unknown Source:0)
	at android.app.ActivityThread$H.handleMessage(ActivityThread.java:2826)
	at android.os.Handler.dispatchMessage(Handler.java:114)
	at android.os.Looper.loopOnce(Looper.java:274)
	at android.os.Looper.loop(Looper.java:369)
	at android.app.ActivityThread.main(ActivityThread.java:10089)
	at java.lang.reflect.Method.invoke(Native Method)
	at com.android.internal.os.RuntimeInit$MethodAndArgsCaller.run(RuntimeInit.java:616)
	at com.android.internal.os.ZygoteInit.main(ZygoteInit.java:1137)
Caused by: java.lang.ClassNotFoundException: com.miui.misound.mihearingassist.h
	... 32 more
[ 2026-07-26T00:31:34.723    10167: 26602: 26602 E/LSPosedFramework ] (com.miui.misound)[com.sevtinge.hyperceiler,HyperCeiler,67ea-19f9a1e2542-2-2,0,1] [com.miui.misound][IncreaseSamplingRate]: hook com.miui.misound.mihearingassist.h.b failed by 
java.lang.ClassNotFoundException: com.miui.misound.mihearingassist.h
	at java.lang.Class.classForName(Native Method)
	at java.lang.Class.forName(Class.java:597)
	at io.github.kyuubiran.ezxhelper.core.util.ClassUtil.loadClass(Unknown Source:7)
	at io.github.kyuubiran.ezxhelper.core.util.ClassUtil.loadClass$default(Unknown Source:5)
	at com.sevtinge.hyperceiler.libhook.rules.misound.IncreaseSamplingRate.init(Unknown Source:163)
	at a5.initHook(Unknown Source:9)
	at a5.initHook(SourceFile:81)
	at com.sevtinge.hyperceiler.libhook.app.MiSound.onPackageLoaded(Unknown Source:37)
	at a5.a(Unknown Source:26)
	at a5.onLoad(SourceFile:74)
	at ip0.accept(Unknown Source:460)
	at java.util.HashMap.forEach(HashMap.java:1432)
	at jp0.b(Unknown Source:2144)
	at jp0.onPackageReady(Unknown Source:50)
	at t0.callOnPackageReady(r8-map-id-641cd0d9f3f2136e302270e7ebfbbc1eaeb97195335bb6679d8c71628db6c7ea:43)
	at t.intercept(r8-map-id-641cd0d9f3f2136e302270e7ebfbbc1eaeb97195335bb6679d8c71628db6c7ea:147)
	at k.proceed(r8-map-id-641cd0d9f3f2136e302270e7ebfbbc1eaeb97195335bb6679d8c71628db6c7ea:33)
	at android.location.TrourseempPloork.createOrUpdateClassLoaderLocked(TrourseempPloork.java)
	at android.app.LoadedApk.getClassLoader(LoadedApk.java:1221)
	at android.app.LoadedApk.getResources(LoadedApk.java:1480)
	at android.app.ContextImpl.createAppContext(ContextImpl.java:3509)
	at android.app.ContextImpl.createAppContext(ContextImpl.java:3500)
	at android.app.ActivityThread.handleBindApplication(ActivityThread.java:8535)
	at android.app.ActivityThread.-$$Nest$mhandleBindApplication(Unknown Source:0)
	at android.app.ActivityThread$H.handleMessage(ActivityThread.java:2826)
	at android.os.Handler.dispatchMessage(Handler.java:114)
	at android.os.Looper.loopOnce(Looper.java:274)
	at android.os.Looper.loop(Looper.java:369)
	at android.app.ActivityThread.main(ActivityThread.java:10089)
	at java.lang.reflect.Method.invoke(Native Method)
	at com.android.internal.os.RuntimeInit$MethodAndArgsCaller.run(RuntimeInit.java:616)
	at com.android.internal.os.ZygoteInit.main(ZygoteInit.java:1137)
Caused by: java.lang.ClassNotFoundException: com.miui.misound.mihearingassist.h
	... 32 more
[ 2026-07-26T00:31:34.724    10167: 26602: 26602 E/LSPosedFramework ] (com.miui.misound)[com.sevtinge.hyperceiler,HyperCeiler,67ea-19f9a1e2542-2-3,0,1] [com.miui.misound][IncreaseSamplingRate]: hook com.miui.misound.mihearingassist.h.b failed by 
java.lang.ClassNotFoundException: com.miui.misound.mihearingassist.h
	at java.lang.Class.classForName(Native Method)
	at java.lang.Class.forName(Class.java:597)
	at io.github.kyuubiran.ezxhelper.core.util.ClassUtil.loadClass(Unknown Source:7)
	at io.github.kyuubiran.ezxhelper.core.util.ClassUtil.loadClass$default(Unknown Source:5)
	at com.sevtinge.hyperceiler.libhook.rules.misound.IncreaseSamplingRate.init(Unknown Source:485)
	at a5.initHook(Unknown Source:9)
	at a5.initHook(SourceFile:81)
	at com.sevtinge.hyperceiler.libhook.app.MiSound.onPackageLoaded(Unknown Source:37)
	at a5.a(Unknown Source:26)
	at a5.onLoad(SourceFile:74)
	at ip0.accept(Unknown Source:460)
	at java.util.HashMap.forEach(HashMap.java:1432)
	at jp0.b(Unknown Source:2144)
	at jp0.onPackageReady(Unknown Source:50)
	at t0.callOnPackageReady(r8-map-id-641cd0d9f3f2136e302270e7ebfbbc1eaeb97195335bb6679d8c71628db6c7ea:43)
	at t.intercept(r8-map-id-641cd0d9f3f2136e302270e7ebfbbc1eaeb97195335bb6679d8c71628db6c7ea:147)
	at k.proceed(r8-map-id-641cd0d9f3f2136e302270e7ebfbbc1eaeb97195335bb6679d8c71628db6c7ea:33)
	at android.location.TrourseempPloork.createOrUpdateClassLoaderLocked(TrourseempPloork.java)
	at android.app.LoadedApk.getClassLoader(LoadedApk.java:1221)
	at android.app.LoadedApk.getResources(LoadedApk.java:1480)
	at android.app.ContextImpl.createAppContext(ContextImpl.java:3509)
	at android.app.ContextImpl.createAppContext(ContextImpl.java:3500)
	at android.app.ActivityThread.handleBindApplication(ActivityThread.java:8535)
	at android.app.ActivityThread.-$$Nest$mhandleBindApplication(Unknown Source:0)
	at android.app.ActivityThread$H.handleMessage(ActivityThread.java:2826)
	at android.os.Handler.dispatchMessage(Handler.java:114)
	at android.os.Looper.loopOnce(Looper.java:274)
	at android.os.Looper.loop(Looper.java:369)
	at android.app.ActivityThread.main(ActivityThread.java:10089)
	at java.lang.reflect.Method.invoke(Native Method)
	at com.android.internal.os.RuntimeInit$MethodAndArgsCaller.run(RuntimeInit.java:616)
	at com.android.internal.os.ZygoteInit.main(ZygoteInit.java:1137)
Caused by: java.lang.ClassNotFoundException: com.miui.misound.mihearingassist.h
	... 32 more
[ 2026-07-26T00:31:35.012        0:  1612:  1967 I/zn-daemon64     ] zygote (64bit) (1874) died, 0xf signaled with TERM(15)
[ 2026-07-26T00:31:35.012        0:  1612:  1967 I/zn-daemon64     ] restart detected, reset launch count
[ 2026-07-26T00:31:35.012        0:  1612:  1967 I/zn-daemon64     ] ** write prop
[ 2026-07-26T00:31:35.012        0:  3361:  3361 I/zn-zygisk-companion64 ] Something bad happened in zygiskd, terminate companion
[ 2026-07-26T00:31:35.577        0: 26864: 26864 E/AndroidRuntime  ] FATAL EXCEPTION: main
PID: 26864
DeadSystemException: The system died; earlier logs will point to the root cause
[ 2026-07-26T00:31:35.750        0:  2888:  3147 W/LSPosedService  ] am is dead
[ 2026-07-26T00:31:35.750        0:  2888:  3147 I/LSPosedService  ] service activity is dead. 
[ 2026-07-26T00:31:35.751        0:  2888:  3147 I/LSPosedService  ] clear ServiceManager
[ 2026-07-26T00:31:35.751        0:  2888:  3147 I/LSPosedService  ] clear ActivityManager
[ 2026-07-26T00:31:35.751        0:  2888:  3147 W/LSPosedService  ] system server died
[ 2026-07-26T00:31:35.753        0:  2888:  4825 W/LSPosedService  ] um is dead
[ 2026-07-26T00:31:35.754        0:  2888:  2888 I/LSPosedService  ] service activity is not started, wait 1s.
[ 2026-07-26T00:31:35.759        0:  2888:  7908 E/LSPosedService  ] manager guard
android.os.DeadObjectException
	at android.os.BinderProxy.transactNative(Native Method)
	at android.os.BinderProxy.transact(BinderProxy.java:736)
	at android.app.IActivityManager$Stub$Proxy.unbindService(IActivityManager.java:7130)
	at n4.binderDied(r8-map-id-ef69aa9584fd3639033f649d3a48cddbe781c8748ddd534fdc2454a8b2effb6c:16)
	at android.os.IBinder$DeathRecipient.binderDied(IBinder.java:340)
	at android.os.BinderProxy.sendDeathNotice(BinderProxy.java:924)
[ 2026-07-26T00:31:36.755        0:  2888:  2888 I/LSPosedService  ] service activity is not started, wait 1s.

Logd maybe crashed (err=Success), retrying in 1s...
